77.9048 	EXP 	Created window1 = Window(allowGUI=False, allowStencil=False, args=UNKNOWN, autoLog=True, bitsMode=UNKNOWN, blendMode='avg', color=array([0., 0., 0.]), colorSpace='rgb', fullscr=UNKNOWN, gamma=None, kwargs=UNKNOWN, lms=UNKNOWN, monitor=<psychopy.monitors.calibTools.Monitor object at 0x000001E4CBA26EB8>, multiSample=False, name='window1', numSamples=2, pos=[710.0, 290.0], screen=0, size=array([500, 500]), stereo=False, units='deg', useFBO=True, useRetina=False, viewOri=0.0, viewPos=None, viewScale=None, waitBlanking=True, winType='pyglet')
77.9138 	EXP 	Created textFix = TextStim(__class__=<class 'psychopy.visual.text.TextStim'>, alignHoriz='center', alignVert='center', antialias=True, autoLog=True, bold=False, color='white', colorSpace='named', contrast=1.0, depth=-1.0, flipHoriz=False, flipVert=False, font='Arial', fontFiles=[], height=1.0, italic=False, name='textFix', opacity=1.0, ori=0, pos=array([0., 0.]), rgb=array([255., 255., 255.]), text='+', units='deg', win=Window(...), wrapWidth=15.0)
77.9260 	EXP 	Created textFaces = TextStim(__class__=<class 'psychopy.visual.text.TextStim'>, alignHoriz='center', alignVert='center', antialias=True, autoLog=True, bold=False, color='white', colorSpace='named', contrast=1.0, depth=0.0, flipHoriz=False, flipVert=False, font='Arial', fontFiles=[], height=0.1, italic=False, name='textFaces', opacity=1.0, ori=0, pos=array([0., 0.]), rgb=array([255., 255., 255.]), text='faces', units='norm', win=Window(...), wrapWidth=1)
77.9402 	EXP 	Created textScenes = TextStim(__class__=<class 'psychopy.visual.text.TextStim'>, alignHoriz='center', alignVert='center', antialias=True, autoLog=True, bold=False, color='white', colorSpace='named', contrast=1.0, depth=0.0, flipHoriz=False, flipVert=False, font='Arial', fontFiles=[], height=0.1, italic=False, name='textScenes', opacity=1.0, ori=0, pos=array([0., 0.]), rgb=array([255., 255., 255.]), text='scenes', units='norm', win=Window(...), wrapWidth=1)
1.0298 	EXP 	Created window1 = Window(allowGUI=False, allowStencil=False, args=UNKNOWN, autoLog=True, bitsMode=UNKNOWN, blendMode='avg', color=array([0., 0., 0.]), colorSpace='rgb', fullscr=UNKNOWN, gamma=None, kwargs=UNKNOWN, lms=UNKNOWN, monitor=<psychopy.monitors.calibTools.Monitor object at 0x000001E4CA9994E0>, multiSample=False, name='window1', numSamples=2, pos=[710.0, 290.0], screen=0, size=array([500, 500]), stereo=False, units='deg', useFBO=True, useRetina=False, viewOri=0.0, viewPos=None, viewScale=None, waitBlanking=True, winType='pyglet')
1.0333 	EXP 	Created textFix = TextStim(__class__=<class 'psychopy.visual.text.TextStim'>, alignHoriz='center', alignVert='center', antialias=True, autoLog=True, bold=False, color='white', colorSpace='named', contrast=1.0, depth=-1.0, flipHoriz=False, flipVert=False, font='Arial', fontFiles=[], height=1.0, italic=False, name='textFix', opacity=1.0, ori=0, pos=array([0., 0.]), rgb=array([255., 255., 255.]), text='+', units='deg', win=Window(...), wrapWidth=15.0)
1.0375 	EXP 	Created textFaces = TextStim(__class__=<class 'psychopy.visual.text.TextStim'>, alignHoriz='center', alignVert='center', antialias=True, autoLog=True, bold=False, color='white', colorSpace='named', contrast=1.0, depth=0.0, flipHoriz=False, flipVert=False, font='Arial', fontFiles=[], height=0.1, italic=False, name='textFaces', opacity=1.0, ori=0, pos=array([0., 0.]), rgb=array([255., 255., 255.]), text='faces', units='norm', win=Window(...), wrapWidth=1)
1.0413 	EXP 	Created textScenes = TextStim(__class__=<class 'psychopy.visual.text.TextStim'>, alignHoriz='center', alignVert='center', antialias=True, autoLog=True, bold=False, color='white', colorSpace='named', contrast=1.0, depth=0.0, flipHoriz=False, flipVert=False, font='Arial', fontFiles=[], height=0.1, italic=False, name='textScenes', opacity=1.0, ori=0, pos=array([0., 0.]), rgb=array([255., 255., 255.]), text='scenes', units='norm', win=Window(...), wrapWidth=1)
0.2145 	EXP 	Created unnamed ImageStim = ImageStim(__class__=<class 'psychopy.visual.image.ImageStim'>, autoLog=True, color=array([1., 1., 1.]), colorSpace='rgb', contrast=1.0, depth=0, flipHoriz=False, flipVert=False, image=str(...), interpolate=False, mask=None, maskParams=None, name='unnamed ImageStim', opacity=1.0, ori=0.0, pos=array([0., 0.]), size=array([4.95425999, 4.95425999]), texRes=128, units='deg', win=Window(...))
0.2336 	EXP 	Created unnamed ImageStim = ImageStim(__class__=<class 'psychopy.visual.image.ImageStim'>, autoLog=True, color=array([1., 1., 1.]), colorSpace='rgb', contrast=1.0, depth=0, flipHoriz=False, flipVert=False, image=str(...), interpolate=False, mask=None, maskParams=None, name='unnamed ImageStim', opacity=1.0, ori=0.0, pos=array([0., 0.]), size=array([4.95425999, 4.95425999]), texRes=128, units='deg', win=Window(...))
0.2447 	EXP 	Created unnamed ImageStim = ImageStim(__class__=<class 'psychopy.visual.image.ImageStim'>, autoLog=True, color=array([1., 1., 1.]), colorSpace='rgb', contrast=1.0, depth=0, flipHoriz=False, flipVert=False, image=str(...), interpolate=False, mask=None, maskParams=None, name='unnamed ImageStim', opacity=1.0, ori=0.0, pos=array([0., 0.]), size=array([4.95425999, 4.95425999]), texRes=128, units='deg', win=Window(...))
0.2510 	EXP 	Created unnamed ImageStim = ImageStim(__class__=<class 'psychopy.visual.image.ImageStim'>, autoLog=True, color=array([1., 1., 1.]), colorSpace='rgb', contrast=1.0, depth=0, flipHoriz=False, flipVert=False, image=str(...), interpolate=False, mask=None, maskParams=None, name='unnamed ImageStim', opacity=1.0, ori=0.0, pos=array([0., 0.]), size=array([4.95425999, 4.95425999]), texRes=128, units='deg', win=Window(...))
0.2598 	EXP 	Created unnamed ImageStim = ImageStim(__class__=<class 'psychopy.visual.image.ImageStim'>, autoLog=True, color=array([1., 1., 1.]), colorSpace='rgb', contrast=1.0, depth=0, flipHoriz=False, flipVert=False, image=str(...), interpolate=False, mask=None, maskParams=None, name='unnamed ImageStim', opacity=1.0, ori=0.0, pos=array([0., 0.]), size=array([4.95425999, 4.95425999]), texRes=128, units='deg', win=Window(...))
0.2664 	EXP 	Created unnamed ImageStim = ImageStim(__class__=<class 'psychopy.visual.image.ImageStim'>, autoLog=True, color=array([1., 1., 1.]), colorSpace='rgb', contrast=1.0, depth=0, flipHoriz=False, flipVert=False, image=str(...), interpolate=False, mask=None, maskParams=None, name='unnamed ImageStim', opacity=1.0, ori=0.0, pos=array([0., 0.]), size=array([4.95425999, 4.95425999]), texRes=128, units='deg', win=Window(...))
0.2742 	EXP 	Created unnamed ImageStim = ImageStim(__class__=<class 'psychopy.visual.image.ImageStim'>, autoLog=True, color=array([1., 1., 1.]), colorSpace='rgb', contrast=1.0, depth=0, flipHoriz=False, flipVert=False, image=str(...), interpolate=False, mask=None, maskParams=None, name='unnamed ImageStim', opacity=1.0, ori=0.0, pos=array([0., 0.]), size=array([4.95425999, 4.95425999]), texRes=128, units='deg', win=Window(...))
0.2795 	EXP 	Created unnamed ImageStim = ImageStim(__class__=<class 'psychopy.visual.image.ImageStim'>, autoLog=True, color=array([1., 1., 1.]), colorSpace='rgb', contrast=1.0, depth=0, flipHoriz=False, flipVert=False, image=str(...), interpolate=False, mask=None, maskParams=None, name='unnamed ImageStim', opacity=1.0, ori=0.0, pos=array([0., 0.]), size=array([4.95425999, 4.95425999]), texRes=128, units='deg', win=Window(...))
0.2855 	EXP 	Created unnamed ImageStim = ImageStim(__class__=<class 'psychopy.visual.image.ImageStim'>, autoLog=True, color=array([1., 1., 1.]), colorSpace='rgb', contrast=1.0, depth=0, flipHoriz=False, flipVert=False, image=str(...), interpolate=False, mask=None, maskParams=None, name='unnamed ImageStim', opacity=1.0, ori=0.0, pos=array([0., 0.]), size=array([4.95425999, 4.95425999]), texRes=128, units='deg', win=Window(...))
0.2925 	EXP 	Created unnamed ImageStim = ImageStim(__class__=<class 'psychopy.visual.image.ImageStim'>, autoLog=True, color=array([1., 1., 1.]), colorSpace='rgb', contrast=1.0, depth=0, flipHoriz=False, flipVert=False, image=str(...), interpolate=False, mask=None, maskParams=None, name='unnamed ImageStim', opacity=1.0, ori=0.0, pos=array([0., 0.]), size=array([4.95425999, 4.95425999]), texRes=128, units='deg', win=Window(...))
0.2981 	EXP 	Created unnamed ImageStim = ImageStim(__class__=<class 'psychopy.visual.image.ImageStim'>, autoLog=True, color=array([1., 1., 1.]), colorSpace='rgb', contrast=1.0, depth=0, flipHoriz=False, flipVert=False, image=str(...), interpolate=False, mask=None, maskParams=None, name='unnamed ImageStim', opacity=1.0, ori=0.0, pos=array([0., 0.]), size=array([4.95425999, 4.95425999]), texRes=128, units='deg', win=Window(...))
0.2981 	EXP 	Running a stable block
15.3164 	EXP 	Created unnamed ImageStim = ImageStim(__class__=<class 'psychopy.visual.image.ImageStim'>, autoLog=True, color=array([1., 1., 1.]), colorSpace='rgb', contrast=1.0, depth=0, flipHoriz=False, flipVert=False, image=str(...), interpolate=False, mask=None, maskParams=None, name='unnamed ImageStim', opacity=1.0, ori=0.0, pos=array([0., 0.]), size=array([4.95425999, 4.95425999]), texRes=128, units='deg', win=Window(...))
15.3282 	EXP 	Created unnamed ImageStim = ImageStim(__class__=<class 'psychopy.visual.image.ImageStim'>, autoLog=True, color=array([1., 1., 1.]), colorSpace='rgb', contrast=1.0, depth=0, flipHoriz=False, flipVert=False, image=str(...), interpolate=False, mask=None, maskParams=None, name='unnamed ImageStim', opacity=1.0, ori=0.0, pos=array([0., 0.]), size=array([4.95425999, 4.95425999]), texRes=128, units='deg', win=Window(...))
15.3390 	EXP 	Created unnamed ImageStim = ImageStim(__class__=<class 'psychopy.visual.image.ImageStim'>, autoLog=True, color=array([1., 1., 1.]), colorSpace='rgb', contrast=1.0, depth=0, flipHoriz=False, flipVert=False, image=str(...), interpolate=False, mask=None, maskParams=None, name='unnamed ImageStim', opacity=1.0, ori=0.0, pos=array([0., 0.]), size=array([4.95425999, 4.95425999]), texRes=128, units='deg', win=Window(...))
15.3491 	EXP 	Created unnamed ImageStim = ImageStim(__class__=<class 'psychopy.visual.image.ImageStim'>, autoLog=True, color=array([1., 1., 1.]), colorSpace='rgb', contrast=1.0, depth=0, flipHoriz=False, flipVert=False, image=str(...), interpolate=False, mask=None, maskParams=None, name='unnamed ImageStim', opacity=1.0, ori=0.0, pos=array([0., 0.]), size=array([4.95425999, 4.95425999]), texRes=128, units='deg', win=Window(...))
15.3602 	EXP 	Created unnamed ImageStim = ImageStim(__class__=<class 'psychopy.visual.image.ImageStim'>, autoLog=True, color=array([1., 1., 1.]), colorSpace='rgb', contrast=1.0, depth=0, flipHoriz=False, flipVert=False, image=str(...), interpolate=False, mask=None, maskParams=None, name='unnamed ImageStim', opacity=1.0, ori=0.0, pos=array([0., 0.]), size=array([4.95425999, 4.95425999]), texRes=128, units='deg', win=Window(...))
15.3722 	EXP 	Created unnamed ImageStim = ImageStim(__class__=<class 'psychopy.visual.image.ImageStim'>, autoLog=True, color=array([1., 1., 1.]), colorSpace='rgb', contrast=1.0, depth=0, flipHoriz=False, flipVert=False, image=str(...), interpolate=False, mask=None, maskParams=None, name='unnamed ImageStim', opacity=1.0, ori=0.0, pos=array([0., 0.]), size=array([4.95425999, 4.95425999]), texRes=128, units='deg', win=Window(...))
15.3850 	EXP 	Created unnamed ImageStim = ImageStim(__class__=<class 'psychopy.visual.image.ImageStim'>, autoLog=True, color=array([1., 1., 1.]), colorSpace='rgb', contrast=1.0, depth=0, flipHoriz=False, flipVert=False, image=str(...), interpolate=False, mask=None, maskParams=None, name='unnamed ImageStim', opacity=1.0, ori=0.0, pos=array([0., 0.]), size=array([4.95425999, 4.95425999]), texRes=128, units='deg', win=Window(...))
15.3985 	EXP 	Created unnamed ImageStim = ImageStim(__class__=<class 'psychopy.visual.image.ImageStim'>, autoLog=True, color=array([1., 1., 1.]), colorSpace='rgb', contrast=1.0, depth=0, flipHoriz=False, flipVert=False, image=str(...), interpolate=False, mask=None, maskParams=None, name='unnamed ImageStim', opacity=1.0, ori=0.0, pos=array([0., 0.]), size=array([4.95425999, 4.95425999]), texRes=128, units='deg', win=Window(...))
15.4118 	EXP 	Created unnamed ImageStim = ImageStim(__class__=<class 'psychopy.visual.image.ImageStim'>, autoLog=True, color=array([1., 1., 1.]), colorSpace='rgb', contrast=1.0, depth=0, flipHoriz=False, flipVert=False, image=str(...), interpolate=False, mask=None, maskParams=None, name='unnamed ImageStim', opacity=1.0, ori=0.0, pos=array([0., 0.]), size=array([4.95425999, 4.95425999]), texRes=128, units='deg', win=Window(...))
15.4249 	EXP 	Created unnamed ImageStim = ImageStim(__class__=<class 'psychopy.visual.image.ImageStim'>, autoLog=True, color=array([1., 1., 1.]), colorSpace='rgb', contrast=1.0, depth=0, flipHoriz=False, flipVert=False, image=str(...), interpolate=False, mask=None, maskParams=None, name='unnamed ImageStim', opacity=1.0, ori=0.0, pos=array([0., 0.]), size=array([4.95425999, 4.95425999]), texRes=128, units='deg', win=Window(...))
15.4354 	EXP 	Created unnamed ImageStim = ImageStim(__class__=<class 'psychopy.visual.image.ImageStim'>, autoLog=True, color=array([1., 1., 1.]), colorSpace='rgb', contrast=1.0, depth=0, flipHoriz=False, flipVert=False, image=str(...), interpolate=False, mask=None, maskParams=None, name='unnamed ImageStim', opacity=1.0, ori=0.0, pos=array([0., 0.]), size=array([4.95425999, 4.95425999]), texRes=128, units='deg', win=Window(...))
15.4355 	EXP 	Running a stable block
50.7765 	EXP 	window1: mouseVisible = True
73.7711 	EXP 	Created window1 = Window(allowGUI=False, allowStencil=False, args=UNKNOWN, autoLog=True, bitsMode=UNKNOWN, blendMode='avg', color=array([0., 0., 0.]), colorSpace='rgb', fullscr=UNKNOWN, gamma=None, kwargs=UNKNOWN, lms=UNKNOWN, monitor=<psychopy.monitors.calibTools.Monitor object at 0x000001E4CAA4D400>, multiSample=False, name='window1', numSamples=2, pos=[710.0, 290.0], screen=0, size=array([500, 500]), stereo=False, units='deg', useFBO=True, useRetina=False, viewOri=0.0, viewPos=None, viewScale=None, waitBlanking=True, winType='pyglet')
73.7783 	EXP 	Created textFix = TextStim(__class__=<class 'psychopy.visual.text.TextStim'>, alignHoriz='center', alignVert='center', antialias=True, autoLog=True, bold=False, color='white', colorSpace='named', contrast=1.0, depth=-1.0, flipHoriz=False, flipVert=False, font='Arial', fontFiles=[], height=1.0, italic=False, name='textFix', opacity=1.0, ori=0, pos=array([0., 0.]), rgb=array([255., 255., 255.]), text='+', units='deg', win=Window(...), wrapWidth=15.0)
73.7885 	EXP 	Created textFaces = TextStim(__class__=<class 'psychopy.visual.text.TextStim'>, alignHoriz='center', alignVert='center', antialias=True, autoLog=True, bold=False, color='white', colorSpace='named', contrast=1.0, depth=0.0, flipHoriz=False, flipVert=False, font='Arial', fontFiles=[], height=0.1, italic=False, name='textFaces', opacity=1.0, ori=0, pos=array([0., 0.]), rgb=array([255., 255., 255.]), text='faces', units='norm', win=Window(...), wrapWidth=1)
73.7974 	EXP 	Created textScenes = TextStim(__class__=<class 'psychopy.visual.text.TextStim'>, alignHoriz='center', alignVert='center', antialias=True, autoLog=True, bold=False, color='white', colorSpace='named', contrast=1.0, depth=0.0, flipHoriz=False, flipVert=False, font='Arial', fontFiles=[], height=0.1, italic=False, name='textScenes', opacity=1.0, ori=0, pos=array([0., 0.]), rgb=array([255., 255., 255.]), text='scenes', units='norm', win=Window(...), wrapWidth=1)
0.2042 	EXP 	Created unnamed ImageStim = ImageStim(__class__=<class 'psychopy.visual.image.ImageStim'>, autoLog=True, color=array([1., 1., 1.]), colorSpace='rgb', contrast=1.0, depth=0, flipHoriz=False, flipVert=False, image=str(...), interpolate=False, mask=None, maskParams=None, name='unnamed ImageStim', opacity=1.0, ori=0.0, pos=array([0., 0.]), size=array([4.95425999, 4.95425999]), texRes=128, units='deg', win=Window(...))
0.2092 	EXP 	Created unnamed ImageStim = ImageStim(__class__=<class 'psychopy.visual.image.ImageStim'>, autoLog=True, color=array([1., 1., 1.]), colorSpace='rgb', contrast=1.0, depth=0, flipHoriz=False, flipVert=False, image=str(...), interpolate=False, mask=None, maskParams=None, name='unnamed ImageStim', opacity=1.0, ori=0.0, pos=array([0., 0.]), size=array([4.95425999, 4.95425999]), texRes=128, units='deg', win=Window(...))
0.2133 	EXP 	Created unnamed ImageStim = ImageStim(__class__=<class 'psychopy.visual.image.ImageStim'>, autoLog=True, color=array([1., 1., 1.]), colorSpace='rgb', contrast=1.0, depth=0, flipHoriz=False, flipVert=False, image=str(...), interpolate=False, mask=None, maskParams=None, name='unnamed ImageStim', opacity=1.0, ori=0.0, pos=array([0., 0.]), size=array([4.95425999, 4.95425999]), texRes=128, units='deg', win=Window(...))
0.2173 	EXP 	Created unnamed ImageStim = ImageStim(__class__=<class 'psychopy.visual.image.ImageStim'>, autoLog=True, color=array([1., 1., 1.]), colorSpace='rgb', contrast=1.0, depth=0, flipHoriz=False, flipVert=False, image=str(...), interpolate=False, mask=None, maskParams=None, name='unnamed ImageStim', opacity=1.0, ori=0.0, pos=array([0., 0.]), size=array([4.95425999, 4.95425999]), texRes=128, units='deg', win=Window(...))
0.2220 	EXP 	Created unnamed ImageStim = ImageStim(__class__=<class 'psychopy.visual.image.ImageStim'>, autoLog=True, color=array([1., 1., 1.]), colorSpace='rgb', contrast=1.0, depth=0, flipHoriz=False, flipVert=False, image=str(...), interpolate=False, mask=None, maskParams=None, name='unnamed ImageStim', opacity=1.0, ori=0.0, pos=array([0., 0.]), size=array([4.95425999, 4.95425999]), texRes=128, units='deg', win=Window(...))
0.2266 	EXP 	Created unnamed ImageStim = ImageStim(__class__=<class 'psychopy.visual.image.ImageStim'>, autoLog=True, color=array([1., 1., 1.]), colorSpace='rgb', contrast=1.0, depth=0, flipHoriz=False, flipVert=False, image=str(...), interpolate=False, mask=None, maskParams=None, name='unnamed ImageStim', opacity=1.0, ori=0.0, pos=array([0., 0.]), size=array([4.95425999, 4.95425999]), texRes=128, units='deg', win=Window(...))
0.2298 	EXP 	Created unnamed ImageStim = ImageStim(__class__=<class 'psychopy.visual.image.ImageStim'>, autoLog=True, color=array([1., 1., 1.]), colorSpace='rgb', contrast=1.0, depth=0, flipHoriz=False, flipVert=False, image=str(...), interpolate=False, mask=None, maskParams=None, name='unnamed ImageStim', opacity=1.0, ori=0.0, pos=array([0., 0.]), size=array([4.95425999, 4.95425999]), texRes=128, units='deg', win=Window(...))
0.2330 	EXP 	Created unnamed ImageStim = ImageStim(__class__=<class 'psychopy.visual.image.ImageStim'>, autoLog=True, color=array([1., 1., 1.]), colorSpace='rgb', contrast=1.0, depth=0, flipHoriz=False, flipVert=False, image=str(...), interpolate=False, mask=None, maskParams=None, name='unnamed ImageStim', opacity=1.0, ori=0.0, pos=array([0., 0.]), size=array([4.95425999, 4.95425999]), texRes=128, units='deg', win=Window(...))
0.2394 	EXP 	Created unnamed ImageStim = ImageStim(__class__=<class 'psychopy.visual.image.ImageStim'>, autoLog=True, color=array([1., 1., 1.]), colorSpace='rgb', contrast=1.0, depth=0, flipHoriz=False, flipVert=False, image=str(...), interpolate=False, mask=None, maskParams=None, name='unnamed ImageStim', opacity=1.0, ori=0.0, pos=array([0., 0.]), size=array([4.95425999, 4.95425999]), texRes=128, units='deg', win=Window(...))
0.2436 	EXP 	Created unnamed ImageStim = ImageStim(__class__=<class 'psychopy.visual.image.ImageStim'>, autoLog=True, color=array([1., 1., 1.]), colorSpace='rgb', contrast=1.0, depth=0, flipHoriz=False, flipVert=False, image=str(...), interpolate=False, mask=None, maskParams=None, name='unnamed ImageStim', opacity=1.0, ori=0.0, pos=array([0., 0.]), size=array([4.95425999, 4.95425999]), texRes=128, units='deg', win=Window(...))
0.2479 	EXP 	Created unnamed ImageStim = ImageStim(__class__=<class 'psychopy.visual.image.ImageStim'>, autoLog=True, color=array([1., 1., 1.]), colorSpace='rgb', contrast=1.0, depth=0, flipHoriz=False, flipVert=False, image=str(...), interpolate=False, mask=None, maskParams=None, name='unnamed ImageStim', opacity=1.0, ori=0.0, pos=array([0., 0.]), size=array([4.95425999, 4.95425999]), texRes=128, units='deg', win=Window(...))
0.2479 	EXP 	Running a stable block
15.3492 	EXP 	Created unnamed ImageStim = ImageStim(__class__=<class 'psychopy.visual.image.ImageStim'>, autoLog=True, color=array([1., 1., 1.]), colorSpace='rgb', contrast=1.0, depth=0, flipHoriz=False, flipVert=False, image=str(...), interpolate=False, mask=None, maskParams=None, name='unnamed ImageStim', opacity=1.0, ori=0.0, pos=array([0., 0.]), size=array([4.95425999, 4.95425999]), texRes=128, units='deg', win=Window(...))
15.3679 	EXP 	Created unnamed ImageStim = ImageStim(__class__=<class 'psychopy.visual.image.ImageStim'>, autoLog=True, color=array([1., 1., 1.]), colorSpace='rgb', contrast=1.0, depth=0, flipHoriz=False, flipVert=False, image=str(...), interpolate=False, mask=None, maskParams=None, name='unnamed ImageStim', opacity=1.0, ori=0.0, pos=array([0., 0.]), size=array([4.95425999, 4.95425999]), texRes=128, units='deg', win=Window(...))
15.3842 	EXP 	Created unnamed ImageStim = ImageStim(__class__=<class 'psychopy.visual.image.ImageStim'>, autoLog=True, color=array([1., 1., 1.]), colorSpace='rgb', contrast=1.0, depth=0, flipHoriz=False, flipVert=False, image=str(...), interpolate=False, mask=None, maskParams=None, name='unnamed ImageStim', opacity=1.0, ori=0.0, pos=array([0., 0.]), size=array([4.95425999, 4.95425999]), texRes=128, units='deg', win=Window(...))
15.4011 	EXP 	Created unnamed ImageStim = ImageStim(__class__=<class 'psychopy.visual.image.ImageStim'>, autoLog=True, color=array([1., 1., 1.]), colorSpace='rgb', contrast=1.0, depth=0, flipHoriz=False, flipVert=False, image=str(...), interpolate=False, mask=None, maskParams=None, name='unnamed ImageStim', opacity=1.0, ori=0.0, pos=array([0., 0.]), size=array([4.95425999, 4.95425999]), texRes=128, units='deg', win=Window(...))
15.4205 	EXP 	Created unnamed ImageStim = ImageStim(__class__=<class 'psychopy.visual.image.ImageStim'>, autoLog=True, color=array([1., 1., 1.]), colorSpace='rgb', contrast=1.0, depth=0, flipHoriz=False, flipVert=False, image=str(...), interpolate=False, mask=None, maskParams=None, name='unnamed ImageStim', opacity=1.0, ori=0.0, pos=array([0., 0.]), size=array([4.95425999, 4.95425999]), texRes=128, units='deg', win=Window(...))
15.4394 	EXP 	Created unnamed ImageStim = ImageStim(__class__=<class 'psychopy.visual.image.ImageStim'>, autoLog=True, color=array([1., 1., 1.]), colorSpace='rgb', contrast=1.0, depth=0, flipHoriz=False, flipVert=False, image=str(...), interpolate=False, mask=None, maskParams=None, name='unnamed ImageStim', opacity=1.0, ori=0.0, pos=array([0., 0.]), size=array([4.95425999, 4.95425999]), texRes=128, units='deg', win=Window(...))
15.4615 	EXP 	Created unnamed ImageStim = ImageStim(__class__=<class 'psychopy.visual.image.ImageStim'>, autoLog=True, color=array([1., 1., 1.]), colorSpace='rgb', contrast=1.0, depth=0, flipHoriz=False, flipVert=False, image=str(...), interpolate=False, mask=None, maskParams=None, name='unnamed ImageStim', opacity=1.0, ori=0.0, pos=array([0., 0.]), size=array([4.95425999, 4.95425999]), texRes=128, units='deg', win=Window(...))
15.4799 	EXP 	Created unnamed ImageStim = ImageStim(__class__=<class 'psychopy.visual.image.ImageStim'>, autoLog=True, color=array([1., 1., 1.]), colorSpace='rgb', contrast=1.0, depth=0, flipHoriz=False, flipVert=False, image=str(...), interpolate=False, mask=None, maskParams=None, name='unnamed ImageStim', opacity=1.0, ori=0.0, pos=array([0., 0.]), size=array([4.95425999, 4.95425999]), texRes=128, units='deg', win=Window(...))
15.5015 	EXP 	Created unnamed ImageStim = ImageStim(__class__=<class 'psychopy.visual.image.ImageStim'>, autoLog=True, color=array([1., 1., 1.]), colorSpace='rgb', contrast=1.0, depth=0, flipHoriz=False, flipVert=False, image=str(...), interpolate=False, mask=None, maskParams=None, name='unnamed ImageStim', opacity=1.0, ori=0.0, pos=array([0., 0.]), size=array([4.95425999, 4.95425999]), texRes=128, units='deg', win=Window(...))
15.5220 	EXP 	Created unnamed ImageStim = ImageStim(__class__=<class 'psychopy.visual.image.ImageStim'>, autoLog=True, color=array([1., 1., 1.]), colorSpace='rgb', contrast=1.0, depth=0, flipHoriz=False, flipVert=False, image=str(...), interpolate=False, mask=None, maskParams=None, name='unnamed ImageStim', opacity=1.0, ori=0.0, pos=array([0., 0.]), size=array([4.95425999, 4.95425999]), texRes=128, units='deg', win=Window(...))
15.5452 	EXP 	Created unnamed ImageStim = ImageStim(__class__=<class 'psychopy.visual.image.ImageStim'>, autoLog=True, color=array([1., 1., 1.]), colorSpace='rgb', contrast=1.0, depth=0, flipHoriz=False, flipVert=False, image=str(...), interpolate=False, mask=None, maskParams=None, name='unnamed ImageStim', opacity=1.0, ori=0.0, pos=array([0., 0.]), size=array([4.95425999, 4.95425999]), texRes=128, units='deg', win=Window(...))
15.5452 	EXP 	Running a stable block
30.6178 	EXP 	window1: mouseVisible = True
66.0245 	EXP 	Created window1 = Window(allowGUI=False, allowStencil=False, args=UNKNOWN, autoLog=True, bitsMode=UNKNOWN, blendMode='avg', color=array([0., 0., 0.]), colorSpace='rgb', fullscr=UNKNOWN, gamma=None, kwargs=UNKNOWN, lms=UNKNOWN, monitor=<psychopy.monitors.calibTools.Monitor object at 0x000001E4CAA57780>, multiSample=False, name='window1', numSamples=2, pos=[710.0, 290.0], screen=0, size=array([500, 500]), stereo=False, units='deg', useFBO=True, useRetina=False, viewOri=0.0, viewPos=None, viewScale=None, waitBlanking=True, winType='pyglet')
66.0312 	EXP 	Created textFix = TextStim(__class__=<class 'psychopy.visual.text.TextStim'>, alignHoriz='center', alignVert='center', antialias=True, autoLog=True, bold=False, color='white', colorSpace='named', contrast=1.0, depth=-1.0, flipHoriz=False, flipVert=False, font='Arial', fontFiles=[], height=1.0, italic=False, name='textFix', opacity=1.0, ori=0, pos=array([0., 0.]), rgb=array([255., 255., 255.]), text='+', units='deg', win=Window(...), wrapWidth=15.0)
66.0404 	EXP 	Created textFaces = TextStim(__class__=<class 'psychopy.visual.text.TextStim'>, alignHoriz='center', alignVert='center', antialias=True, autoLog=True, bold=False, color='white', colorSpace='named', contrast=1.0, depth=0.0, flipHoriz=False, flipVert=False, font='Arial', fontFiles=[], height=0.1, italic=False, name='textFaces', opacity=1.0, ori=0, pos=array([0., 0.]), rgb=array([255., 255., 255.]), text='faces', units='norm', win=Window(...), wrapWidth=1)
66.0485 	EXP 	Created textScenes = TextStim(__class__=<class 'psychopy.visual.text.TextStim'>, alignHoriz='center', alignVert='center', antialias=True, autoLog=True, bold=False, color='white', colorSpace='named', contrast=1.0, depth=0.0, flipHoriz=False, flipVert=False, font='Arial', fontFiles=[], height=0.1, italic=False, name='textScenes', opacity=1.0, ori=0, pos=array([0., 0.]), rgb=array([255., 255., 255.]), text='scenes', units='norm', win=Window(...), wrapWidth=1)
0.2751 	EXP 	Created unnamed ImageStim = ImageStim(__class__=<class 'psychopy.visual.image.ImageStim'>, autoLog=True, color=array([1., 1., 1.]), colorSpace='rgb', contrast=1.0, depth=0, flipHoriz=False, flipVert=False, image=str(...), interpolate=False, mask=None, maskParams=None, name='unnamed ImageStim', opacity=1.0, ori=0.0, pos=array([0., 0.]), size=array([4.95425999, 4.95425999]), texRes=128, units='deg', win=Window(...))
0.2796 	EXP 	Created unnamed ImageStim = ImageStim(__class__=<class 'psychopy.visual.image.ImageStim'>, autoLog=True, color=array([1., 1., 1.]), colorSpace='rgb', contrast=1.0, depth=0, flipHoriz=False, flipVert=False, image=str(...), interpolate=False, mask=None, maskParams=None, name='unnamed ImageStim', opacity=1.0, ori=0.0, pos=array([0., 0.]), size=array([4.95425999, 4.95425999]), texRes=128, units='deg', win=Window(...))
0.2834 	EXP 	Created unnamed ImageStim = ImageStim(__class__=<class 'psychopy.visual.image.ImageStim'>, autoLog=True, color=array([1., 1., 1.]), colorSpace='rgb', contrast=1.0, depth=0, flipHoriz=False, flipVert=False, image=str(...), interpolate=False, mask=None, maskParams=None, name='unnamed ImageStim', opacity=1.0, ori=0.0, pos=array([0., 0.]), size=array([4.95425999, 4.95425999]), texRes=128, units='deg', win=Window(...))
0.2878 	EXP 	Created unnamed ImageStim = ImageStim(__class__=<class 'psychopy.visual.image.ImageStim'>, autoLog=True, color=array([1., 1., 1.]), colorSpace='rgb', contrast=1.0, depth=0, flipHoriz=False, flipVert=False, image=str(...), interpolate=False, mask=None, maskParams=None, name='unnamed ImageStim', opacity=1.0, ori=0.0, pos=array([0., 0.]), size=array([4.95425999, 4.95425999]), texRes=128, units='deg', win=Window(...))
0.2921 	EXP 	Created unnamed ImageStim = ImageStim(__class__=<class 'psychopy.visual.image.ImageStim'>, autoLog=True, color=array([1., 1., 1.]), colorSpace='rgb', contrast=1.0, depth=0, flipHoriz=False, flipVert=False, image=str(...), interpolate=False, mask=None, maskParams=None, name='unnamed ImageStim', opacity=1.0, ori=0.0, pos=array([0., 0.]), size=array([4.95425999, 4.95425999]), texRes=128, units='deg', win=Window(...))
0.2953 	EXP 	Created unnamed ImageStim = ImageStim(__class__=<class 'psychopy.visual.image.ImageStim'>, autoLog=True, color=array([1., 1., 1.]), colorSpace='rgb', contrast=1.0, depth=0, flipHoriz=False, flipVert=False, image=str(...), interpolate=False, mask=None, maskParams=None, name='unnamed ImageStim', opacity=1.0, ori=0.0, pos=array([0., 0.]), size=array([4.95425999, 4.95425999]), texRes=128, units='deg', win=Window(...))
0.2990 	EXP 	Created unnamed ImageStim = ImageStim(__class__=<class 'psychopy.visual.image.ImageStim'>, autoLog=True, color=array([1., 1., 1.]), colorSpace='rgb', contrast=1.0, depth=0, flipHoriz=False, flipVert=False, image=str(...), interpolate=False, mask=None, maskParams=None, name='unnamed ImageStim', opacity=1.0, ori=0.0, pos=array([0., 0.]), size=array([4.95425999, 4.95425999]), texRes=128, units='deg', win=Window(...))
0.3025 	EXP 	Created unnamed ImageStim = ImageStim(__class__=<class 'psychopy.visual.image.ImageStim'>, autoLog=True, color=array([1., 1., 1.]), colorSpace='rgb', contrast=1.0, depth=0, flipHoriz=False, flipVert=False, image=str(...), interpolate=False, mask=None, maskParams=None, name='unnamed ImageStim', opacity=1.0, ori=0.0, pos=array([0., 0.]), size=array([4.95425999, 4.95425999]), texRes=128, units='deg', win=Window(...))
0.3073 	EXP 	Created unnamed ImageStim = ImageStim(__class__=<class 'psychopy.visual.image.ImageStim'>, autoLog=True, color=array([1., 1., 1.]), colorSpace='rgb', contrast=1.0, depth=0, flipHoriz=False, flipVert=False, image=str(...), interpolate=False, mask=None, maskParams=None, name='unnamed ImageStim', opacity=1.0, ori=0.0, pos=array([0., 0.]), size=array([4.95425999, 4.95425999]), texRes=128, units='deg', win=Window(...))
0.3108 	EXP 	Created unnamed ImageStim = ImageStim(__class__=<class 'psychopy.visual.image.ImageStim'>, autoLog=True, color=array([1., 1., 1.]), colorSpace='rgb', contrast=1.0, depth=0, flipHoriz=False, flipVert=False, image=str(...), interpolate=False, mask=None, maskParams=None, name='unnamed ImageStim', opacity=1.0, ori=0.0, pos=array([0., 0.]), size=array([4.95425999, 4.95425999]), texRes=128, units='deg', win=Window(...))
0.3144 	EXP 	Created unnamed ImageStim = ImageStim(__class__=<class 'psychopy.visual.image.ImageStim'>, autoLog=True, color=array([1., 1., 1.]), colorSpace='rgb', contrast=1.0, depth=0, flipHoriz=False, flipVert=False, image=str(...), interpolate=False, mask=None, maskParams=None, name='unnamed ImageStim', opacity=1.0, ori=0.0, pos=array([0., 0.]), size=array([4.95425999, 4.95425999]), texRes=128, units='deg', win=Window(...))
0.3145 	EXP 	Running a stable block
15.3307 	EXP 	Created unnamed ImageStim = ImageStim(__class__=<class 'psychopy.visual.image.ImageStim'>, autoLog=True, color=array([1., 1., 1.]), colorSpace='rgb', contrast=1.0, depth=0, flipHoriz=False, flipVert=False, image=str(...), interpolate=False, mask=None, maskParams=None, name='unnamed ImageStim', opacity=1.0, ori=0.0, pos=array([0., 0.]), size=array([4.95425999, 4.95425999]), texRes=128, units='deg', win=Window(...))
15.3456 	EXP 	Created unnamed ImageStim = ImageStim(__class__=<class 'psychopy.visual.image.ImageStim'>, autoLog=True, color=array([1., 1., 1.]), colorSpace='rgb', contrast=1.0, depth=0, flipHoriz=False, flipVert=False, image=str(...), interpolate=False, mask=None, maskParams=None, name='unnamed ImageStim', opacity=1.0, ori=0.0, pos=array([0., 0.]), size=array([4.95425999, 4.95425999]), texRes=128, units='deg', win=Window(...))
15.3596 	EXP 	Created unnamed ImageStim = ImageStim(__class__=<class 'psychopy.visual.image.ImageStim'>, autoLog=True, color=array([1., 1., 1.]), colorSpace='rgb', contrast=1.0, depth=0, flipHoriz=False, flipVert=False, image=str(...), interpolate=False, mask=None, maskParams=None, name='unnamed ImageStim', opacity=1.0, ori=0.0, pos=array([0., 0.]), size=array([4.95425999, 4.95425999]), texRes=128, units='deg', win=Window(...))
15.3743 	EXP 	Created unnamed ImageStim = ImageStim(__class__=<class 'psychopy.visual.image.ImageStim'>, autoLog=True, color=array([1., 1., 1.]), colorSpace='rgb', contrast=1.0, depth=0, flipHoriz=False, flipVert=False, image=str(...), interpolate=False, mask=None, maskParams=None, name='unnamed ImageStim', opacity=1.0, ori=0.0, pos=array([0., 0.]), size=array([4.95425999, 4.95425999]), texRes=128, units='deg', win=Window(...))
15.3913 	EXP 	Created unnamed ImageStim = ImageStim(__class__=<class 'psychopy.visual.image.ImageStim'>, autoLog=True, color=array([1., 1., 1.]), colorSpace='rgb', contrast=1.0, depth=0, flipHoriz=False, flipVert=False, image=str(...), interpolate=False, mask=None, maskParams=None, name='unnamed ImageStim', opacity=1.0, ori=0.0, pos=array([0., 0.]), size=array([4.95425999, 4.95425999]), texRes=128, units='deg', win=Window(...))
15.4093 	EXP 	Created unnamed ImageStim = ImageStim(__class__=<class 'psychopy.visual.image.ImageStim'>, autoLog=True, color=array([1., 1., 1.]), colorSpace='rgb', contrast=1.0, depth=0, flipHoriz=False, flipVert=False, image=str(...), interpolate=False, mask=None, maskParams=None, name='unnamed ImageStim', opacity=1.0, ori=0.0, pos=array([0., 0.]), size=array([4.95425999, 4.95425999]), texRes=128, units='deg', win=Window(...))
15.4209 	EXP 	Created unnamed ImageStim = ImageStim(__class__=<class 'psychopy.visual.image.ImageStim'>, autoLog=True, color=array([1., 1., 1.]), colorSpace='rgb', contrast=1.0, depth=0, flipHoriz=False, flipVert=False, image=str(...), interpolate=False, mask=None, maskParams=None, name='unnamed ImageStim', opacity=1.0, ori=0.0, pos=array([0., 0.]), size=array([4.95425999, 4.95425999]), texRes=128, units='deg', win=Window(...))
15.4305 	EXP 	Created unnamed ImageStim = ImageStim(__class__=<class 'psychopy.visual.image.ImageStim'>, autoLog=True, color=array([1., 1., 1.]), colorSpace='rgb', contrast=1.0, depth=0, flipHoriz=False, flipVert=False, image=str(...), interpolate=False, mask=None, maskParams=None, name='unnamed ImageStim', opacity=1.0, ori=0.0, pos=array([0., 0.]), size=array([4.95425999, 4.95425999]), texRes=128, units='deg', win=Window(...))
15.4405 	EXP 	Created unnamed ImageStim = ImageStim(__class__=<class 'psychopy.visual.image.ImageStim'>, autoLog=True, color=array([1., 1., 1.]), colorSpace='rgb', contrast=1.0, depth=0, flipHoriz=False, flipVert=False, image=str(...), interpolate=False, mask=None, maskParams=None, name='unnamed ImageStim', opacity=1.0, ori=0.0, pos=array([0., 0.]), size=array([4.95425999, 4.95425999]), texRes=128, units='deg', win=Window(...))
15.4514 	EXP 	Created unnamed ImageStim = ImageStim(__class__=<class 'psychopy.visual.image.ImageStim'>, autoLog=True, color=array([1., 1., 1.]), colorSpace='rgb', contrast=1.0, depth=0, flipHoriz=False, flipVert=False, image=str(...), interpolate=False, mask=None, maskParams=None, name='unnamed ImageStim', opacity=1.0, ori=0.0, pos=array([0., 0.]), size=array([4.95425999, 4.95425999]), texRes=128, units='deg', win=Window(...))
15.4621 	EXP 	Created unnamed ImageStim = ImageStim(__class__=<class 'psychopy.visual.image.ImageStim'>, autoLog=True, color=array([1., 1., 1.]), colorSpace='rgb', contrast=1.0, depth=0, flipHoriz=False, flipVert=False, image=str(...), interpolate=False, mask=None, maskParams=None, name='unnamed ImageStim', opacity=1.0, ori=0.0, pos=array([0., 0.]), size=array([4.95425999, 4.95425999]), texRes=128, units='deg', win=Window(...))
15.4621 	EXP 	Running a stable block
30.5850 	EXP 	window1: mouseVisible = True
1131.3486 	EXP 	Created window1 = Window(allowGUI=False, allowStencil=False, args=UNKNOWN, autoLog=True, bitsMode=UNKNOWN, blendMode='avg', color=array([0., 0., 0.]), colorSpace='rgb', fullscr=UNKNOWN, gamma=None, kwargs=UNKNOWN, lms=UNKNOWN, monitor=<psychopy.monitors.calibTools.Monitor object at 0x000001E4CAC41358>, multiSample=False, name='window1', numSamples=2, pos=[710.0, 290.0], screen=0, size=array([500, 500]), stereo=False, units='deg', useFBO=True, useRetina=False, viewOri=0.0, viewPos=None, viewScale=None, waitBlanking=True, winType='pyglet')
1131.3571 	EXP 	Created textFix = TextStim(__class__=<class 'psychopy.visual.text.TextStim'>, alignHoriz='center', alignVert='center', antialias=True, autoLog=True, bold=False, color='white', colorSpace='named', contrast=1.0, depth=-1.0, flipHoriz=False, flipVert=False, font='Arial', fontFiles=[], height=1.0, italic=False, name='textFix', opacity=1.0, ori=0, pos=array([0., 0.]), rgb=array([255., 255., 255.]), text='+', units='deg', win=Window(...), wrapWidth=15.0)
1131.3685 	EXP 	Created textFaces = TextStim(__class__=<class 'psychopy.visual.text.TextStim'>, alignHoriz='center', alignVert='center', antialias=True, autoLog=True, bold=False, color='white', colorSpace='named', contrast=1.0, depth=0.0, flipHoriz=False, flipVert=False, font='Arial', fontFiles=[], height=0.1, italic=False, name='textFaces', opacity=1.0, ori=0, pos=array([0., 0.]), rgb=array([255., 255., 255.]), text='faces', units='norm', win=Window(...), wrapWidth=1)
1131.3793 	EXP 	Created textScenes = TextStim(__class__=<class 'psychopy.visual.text.TextStim'>, alignHoriz='center', alignVert='center', antialias=True, autoLog=True, bold=False, color='white', colorSpace='named', contrast=1.0, depth=0.0, flipHoriz=False, flipVert=False, font='Arial', fontFiles=[], height=0.1, italic=False, name='textScenes', opacity=1.0, ori=0, pos=array([0., 0.]), rgb=array([255., 255., 255.]), text='scenes', units='norm', win=Window(...), wrapWidth=1)
1009.2081 	EXP 	Created window1 = Window(allowGUI=False, allowStencil=False, args=UNKNOWN, autoLog=True, bitsMode=UNKNOWN, blendMode='avg', color=array([0., 0., 0.]), colorSpace='rgb', fullscr=UNKNOWN, gamma=None, kwargs=UNKNOWN, lms=UNKNOWN, monitor=<psychopy.monitors.calibTools.Monitor object at 0x000001E4CAC612E8>, multiSample=False, name='window1', numSamples=2, pos=[710.0, 290.0], screen=0, size=array([500, 500]), stereo=False, units='deg', useFBO=True, useRetina=False, viewOri=0.0, viewPos=None, viewScale=None, waitBlanking=True, winType='pyglet')
1009.2183 	EXP 	Created textFix = TextStim(__class__=<class 'psychopy.visual.text.TextStim'>, alignHoriz='center', alignVert='center', antialias=True, autoLog=True, bold=False, color='white', colorSpace='named', contrast=1.0, depth=-1.0, flipHoriz=False, flipVert=False, font='Arial', fontFiles=[], height=1.0, italic=False, name='textFix', opacity=1.0, ori=0, pos=array([0., 0.]), rgb=array([255., 255., 255.]), text='+', units='deg', win=Window(...), wrapWidth=15.0)
1009.2331 	EXP 	Created textFaces = TextStim(__class__=<class 'psychopy.visual.text.TextStim'>, alignHoriz='center', alignVert='center', antialias=True, autoLog=True, bold=False, color='white', colorSpace='named', contrast=1.0, depth=0.0, flipHoriz=False, flipVert=False, font='Arial', fontFiles=[], height=0.1, italic=False, name='textFaces', opacity=1.0, ori=0, pos=array([0., 0.]), rgb=array([255., 255., 255.]), text='faces', units='norm', win=Window(...), wrapWidth=1)
1009.2470 	EXP 	Created textScenes = TextStim(__class__=<class 'psychopy.visual.text.TextStim'>, alignHoriz='center', alignVert='center', antialias=True, autoLog=True, bold=False, color='white', colorSpace='named', contrast=1.0, depth=0.0, flipHoriz=False, flipVert=False, font='Arial', fontFiles=[], height=0.1, italic=False, name='textScenes', opacity=1.0, ori=0, pos=array([0., 0.]), rgb=array([255., 255., 255.]), text='scenes', units='norm', win=Window(...), wrapWidth=1)
0.2745 	EXP 	Created unnamed ImageStim = ImageStim(__class__=<class 'psychopy.visual.image.ImageStim'>, autoLog=True, color=array([1., 1., 1.]), colorSpace='rgb', contrast=1.0, depth=0, flipHoriz=False, flipVert=False, image=str(...), interpolate=False, mask=None, maskParams=None, name='unnamed ImageStim', opacity=1.0, ori=0.0, pos=array([0., 0.]), size=array([4.95425999, 4.95425999]), texRes=128, units='deg', win=Window(...))
0.2794 	EXP 	Created unnamed ImageStim = ImageStim(__class__=<class 'psychopy.visual.image.ImageStim'>, autoLog=True, color=array([1., 1., 1.]), colorSpace='rgb', contrast=1.0, depth=0, flipHoriz=False, flipVert=False, image=str(...), interpolate=False, mask=None, maskParams=None, name='unnamed ImageStim', opacity=1.0, ori=0.0, pos=array([0., 0.]), size=array([4.95425999, 4.95425999]), texRes=128, units='deg', win=Window(...))
0.2849 	EXP 	Created unnamed ImageStim = ImageStim(__class__=<class 'psychopy.visual.image.ImageStim'>, autoLog=True, color=array([1., 1., 1.]), colorSpace='rgb', contrast=1.0, depth=0, flipHoriz=False, flipVert=False, image=str(...), interpolate=False, mask=None, maskParams=None, name='unnamed ImageStim', opacity=1.0, ori=0.0, pos=array([0., 0.]), size=array([4.95425999, 4.95425999]), texRes=128, units='deg', win=Window(...))
0.2909 	EXP 	Created unnamed ImageStim = ImageStim(__class__=<class 'psychopy.visual.image.ImageStim'>, autoLog=True, color=array([1., 1., 1.]), colorSpace='rgb', contrast=1.0, depth=0, flipHoriz=False, flipVert=False, image=str(...), interpolate=False, mask=None, maskParams=None, name='unnamed ImageStim', opacity=1.0, ori=0.0, pos=array([0., 0.]), size=array([4.95425999, 4.95425999]), texRes=128, units='deg', win=Window(...))
0.2972 	EXP 	Created unnamed ImageStim = ImageStim(__class__=<class 'psychopy.visual.image.ImageStim'>, autoLog=True, color=array([1., 1., 1.]), colorSpace='rgb', contrast=1.0, depth=0, flipHoriz=False, flipVert=False, image=str(...), interpolate=False, mask=None, maskParams=None, name='unnamed ImageStim', opacity=1.0, ori=0.0, pos=array([0., 0.]), size=array([4.95425999, 4.95425999]), texRes=128, units='deg', win=Window(...))
0.3040 	EXP 	Created unnamed ImageStim = ImageStim(__class__=<class 'psychopy.visual.image.ImageStim'>, autoLog=True, color=array([1., 1., 1.]), colorSpace='rgb', contrast=1.0, depth=0, flipHoriz=False, flipVert=False, image=str(...), interpolate=False, mask=None, maskParams=None, name='unnamed ImageStim', opacity=1.0, ori=0.0, pos=array([0., 0.]), size=array([4.95425999, 4.95425999]), texRes=128, units='deg', win=Window(...))
0.3095 	EXP 	Created unnamed ImageStim = ImageStim(__class__=<class 'psychopy.visual.image.ImageStim'>, autoLog=True, color=array([1., 1., 1.]), colorSpace='rgb', contrast=1.0, depth=0, flipHoriz=False, flipVert=False, image=str(...), interpolate=False, mask=None, maskParams=None, name='unnamed ImageStim', opacity=1.0, ori=0.0, pos=array([0., 0.]), size=array([4.95425999, 4.95425999]), texRes=128, units='deg', win=Window(...))
0.3153 	EXP 	Created unnamed ImageStim = ImageStim(__class__=<class 'psychopy.visual.image.ImageStim'>, autoLog=True, color=array([1., 1., 1.]), colorSpace='rgb', contrast=1.0, depth=0, flipHoriz=False, flipVert=False, image=str(...), interpolate=False, mask=None, maskParams=None, name='unnamed ImageStim', opacity=1.0, ori=0.0, pos=array([0., 0.]), size=array([4.95425999, 4.95425999]), texRes=128, units='deg', win=Window(...))
0.3207 	EXP 	Created unnamed ImageStim = ImageStim(__class__=<class 'psychopy.visual.image.ImageStim'>, autoLog=True, color=array([1., 1., 1.]), colorSpace='rgb', contrast=1.0, depth=0, flipHoriz=False, flipVert=False, image=str(...), interpolate=False, mask=None, maskParams=None, name='unnamed ImageStim', opacity=1.0, ori=0.0, pos=array([0., 0.]), size=array([4.95425999, 4.95425999]), texRes=128, units='deg', win=Window(...))
0.3263 	EXP 	Created unnamed ImageStim = ImageStim(__class__=<class 'psychopy.visual.image.ImageStim'>, autoLog=True, color=array([1., 1., 1.]), colorSpace='rgb', contrast=1.0, depth=0, flipHoriz=False, flipVert=False, image=str(...), interpolate=False, mask=None, maskParams=None, name='unnamed ImageStim', opacity=1.0, ori=0.0, pos=array([0., 0.]), size=array([4.95425999, 4.95425999]), texRes=128, units='deg', win=Window(...))
0.3325 	EXP 	Created unnamed ImageStim = ImageStim(__class__=<class 'psychopy.visual.image.ImageStim'>, autoLog=True, color=array([1., 1., 1.]), colorSpace='rgb', contrast=1.0, depth=0, flipHoriz=False, flipVert=False, image=str(...), interpolate=False, mask=None, maskParams=None, name='unnamed ImageStim', opacity=1.0, ori=0.0, pos=array([0., 0.]), size=array([4.95425999, 4.95425999]), texRes=128, units='deg', win=Window(...))
0.3325 	EXP 	Running a stable block
15.6476 	EXP 	Created unnamed ImageStim = ImageStim(__class__=<class 'psychopy.visual.image.ImageStim'>, autoLog=True, color=array([1., 1., 1.]), colorSpace='rgb', contrast=1.0, depth=0, flipHoriz=False, flipVert=False, image=str(...), interpolate=False, mask=None, maskParams=None, name='unnamed ImageStim', opacity=1.0, ori=0.0, pos=array([0., 0.]), size=array([4.95425999, 4.95425999]), texRes=128, units='deg', win=Window(...))
15.6659 	EXP 	Created unnamed ImageStim = ImageStim(__class__=<class 'psychopy.visual.image.ImageStim'>, autoLog=True, color=array([1., 1., 1.]), colorSpace='rgb', contrast=1.0, depth=0, flipHoriz=False, flipVert=False, image=str(...), interpolate=False, mask=None, maskParams=None, name='unnamed ImageStim', opacity=1.0, ori=0.0, pos=array([0., 0.]), size=array([4.95425999, 4.95425999]), texRes=128, units='deg', win=Window(...))
15.6815 	EXP 	Created unnamed ImageStim = ImageStim(__class__=<class 'psychopy.visual.image.ImageStim'>, autoLog=True, color=array([1., 1., 1.]), colorSpace='rgb', contrast=1.0, depth=0, flipHoriz=False, flipVert=False, image=str(...), interpolate=False, mask=None, maskParams=None, name='unnamed ImageStim', opacity=1.0, ori=0.0, pos=array([0., 0.]), size=array([4.95425999, 4.95425999]), texRes=128, units='deg', win=Window(...))
15.7009 	EXP 	Created unnamed ImageStim = ImageStim(__class__=<class 'psychopy.visual.image.ImageStim'>, autoLog=True, color=array([1., 1., 1.]), colorSpace='rgb', contrast=1.0, depth=0, flipHoriz=False, flipVert=False, image=str(...), interpolate=False, mask=None, maskParams=None, name='unnamed ImageStim', opacity=1.0, ori=0.0, pos=array([0., 0.]), size=array([4.95425999, 4.95425999]), texRes=128, units='deg', win=Window(...))
15.7114 	EXP 	Created unnamed ImageStim = ImageStim(__class__=<class 'psychopy.visual.image.ImageStim'>, autoLog=True, color=array([1., 1., 1.]), colorSpace='rgb', contrast=1.0, depth=0, flipHoriz=False, flipVert=False, image=str(...), interpolate=False, mask=None, maskParams=None, name='unnamed ImageStim', opacity=1.0, ori=0.0, pos=array([0., 0.]), size=array([4.95425999, 4.95425999]), texRes=128, units='deg', win=Window(...))
15.7198 	EXP 	Created unnamed ImageStim = ImageStim(__class__=<class 'psychopy.visual.image.ImageStim'>, autoLog=True, color=array([1., 1., 1.]), colorSpace='rgb', contrast=1.0, depth=0, flipHoriz=False, flipVert=False, image=str(...), interpolate=False, mask=None, maskParams=None, name='unnamed ImageStim', opacity=1.0, ori=0.0, pos=array([0., 0.]), size=array([4.95425999, 4.95425999]), texRes=128, units='deg', win=Window(...))
15.7274 	EXP 	Created unnamed ImageStim = ImageStim(__class__=<class 'psychopy.visual.image.ImageStim'>, autoLog=True, color=array([1., 1., 1.]), colorSpace='rgb', contrast=1.0, depth=0, flipHoriz=False, flipVert=False, image=str(...), interpolate=False, mask=None, maskParams=None, name='unnamed ImageStim', opacity=1.0, ori=0.0, pos=array([0., 0.]), size=array([4.95425999, 4.95425999]), texRes=128, units='deg', win=Window(...))
15.7350 	EXP 	Created unnamed ImageStim = ImageStim(__class__=<class 'psychopy.visual.image.ImageStim'>, autoLog=True, color=array([1., 1., 1.]), colorSpace='rgb', contrast=1.0, depth=0, flipHoriz=False, flipVert=False, image=str(...), interpolate=False, mask=None, maskParams=None, name='unnamed ImageStim', opacity=1.0, ori=0.0, pos=array([0., 0.]), size=array([4.95425999, 4.95425999]), texRes=128, units='deg', win=Window(...))
15.7429 	EXP 	Created unnamed ImageStim = ImageStim(__class__=<class 'psychopy.visual.image.ImageStim'>, autoLog=True, color=array([1., 1., 1.]), colorSpace='rgb', contrast=1.0, depth=0, flipHoriz=False, flipVert=False, image=str(...), interpolate=False, mask=None, maskParams=None, name='unnamed ImageStim', opacity=1.0, ori=0.0, pos=array([0., 0.]), size=array([4.95425999, 4.95425999]), texRes=128, units='deg', win=Window(...))
15.7509 	EXP 	Created unnamed ImageStim = ImageStim(__class__=<class 'psychopy.visual.image.ImageStim'>, autoLog=True, color=array([1., 1., 1.]), colorSpace='rgb', contrast=1.0, depth=0, flipHoriz=False, flipVert=False, image=str(...), interpolate=False, mask=None, maskParams=None, name='unnamed ImageStim', opacity=1.0, ori=0.0, pos=array([0., 0.]), size=array([4.95425999, 4.95425999]), texRes=128, units='deg', win=Window(...))
15.7586 	EXP 	Created unnamed ImageStim = ImageStim(__class__=<class 'psychopy.visual.image.ImageStim'>, autoLog=True, color=array([1., 1., 1.]), colorSpace='rgb', contrast=1.0, depth=0, flipHoriz=False, flipVert=False, image=str(...), interpolate=False, mask=None, maskParams=None, name='unnamed ImageStim', opacity=1.0, ori=0.0, pos=array([0., 0.]), size=array([4.95425999, 4.95425999]), texRes=128, units='deg', win=Window(...))
15.7586 	EXP 	Running a stable block
25.3531 	DATA 	Keypress: h
26.0208 	DATA 	Keypress: e
26.2704 	DATA 	Keypress: j
30.8657 	EXP 	window1: mouseVisible = True
