0.6642 	WARNING 	Monitor specification not found. Creating a temporary one...
20.0927 	WARNING 	Monitor specification not found. Creating a temporary one...
17.8029 	EXP 	Created textGeneral = TextStim(__class__=<class 'psychopy.visual.text.TextStim'>, alignHoriz='center', alignVert='center', antialias=True, autoLog=True, bold=False, color='white', colorSpace='named', contrast=1.0, depth=0.0, flipHoriz=False, flipVert=False, font='Arial', fontFiles=[], height=0.1, italic=False, name='textGeneral', opacity=1.0, ori=0, pos=array([0., 0.]), rgb=array([255., 255., 255.]), text='indoor', units='norm', win=Window(...), wrapWidth=1)
21.7862 	EXP 	Created unnamed ImageStim = ImageStim(__class__=<class 'psychopy.visual.image.ImageStim'>, autoLog=True, color=array([1., 1., 1.]), colorSpace='rgb', contrast=1.0, depth=0, flipHoriz=False, flipVert=False, image=Image(...), interpolate=False, mask=None, maskParams=None, name='unnamed ImageStim', opacity=1.0, ori=0.0, pos=array([0., 0.]), size=array([0.9, 0.9]), texRes=128, units='norm', win=Window(...))
22.7921 	EXP 	Created unnamed ImageStim = ImageStim(__class__=<class 'psychopy.visual.image.ImageStim'>, autoLog=True, color=array([1., 1., 1.]), colorSpace='rgb', contrast=1.0, depth=0, flipHoriz=False, flipVert=False, image=Image(...), interpolate=False, mask=None, maskParams=None, name='unnamed ImageStim', opacity=1.0, ori=0.0, pos=array([0., 0.]), size=array([0.9, 0.9]), texRes=128, units='norm', win=Window(...))
23.8065 	EXP 	Created unnamed ImageStim = ImageStim(__class__=<class 'psychopy.visual.image.ImageStim'>, autoLog=True, color=array([1., 1., 1.]), colorSpace='rgb', contrast=1.0, depth=0, flipHoriz=False, flipVert=False, image=Image(...), interpolate=False, mask=None, maskParams=None, name='unnamed ImageStim', opacity=1.0, ori=0.0, pos=array([0., 0.]), size=array([0.9, 0.9]), texRes=128, units='norm', win=Window(...))
24.7977 	EXP 	Created unnamed ImageStim = ImageStim(__class__=<class 'psychopy.visual.image.ImageStim'>, autoLog=True, color=array([1., 1., 1.]), colorSpace='rgb', contrast=1.0, depth=0, flipHoriz=False, flipVert=False, image=Image(...), interpolate=False, mask=None, maskParams=None, name='unnamed ImageStim', opacity=1.0, ori=0.0, pos=array([0., 0.]), size=array([0.9, 0.9]), texRes=128, units='norm', win=Window(...))
25.8050 	EXP 	Created unnamed ImageStim = ImageStim(__class__=<class 'psychopy.visual.image.ImageStim'>, autoLog=True, color=array([1., 1., 1.]), colorSpace='rgb', contrast=1.0, depth=0, flipHoriz=False, flipVert=False, image=Image(...), interpolate=False, mask=None, maskParams=None, name='unnamed ImageStim', opacity=1.0, ori=0.0, pos=array([0., 0.]), size=array([0.9, 0.9]), texRes=128, units='norm', win=Window(...))
26.8038 	EXP 	Created unnamed ImageStim = ImageStim(__class__=<class 'psychopy.visual.image.ImageStim'>, autoLog=True, color=array([1., 1., 1.]), colorSpace='rgb', contrast=1.0, depth=0, flipHoriz=False, flipVert=False, image=Image(...), interpolate=False, mask=None, maskParams=None, name='unnamed ImageStim', opacity=1.0, ori=0.0, pos=array([0., 0.]), size=array([0.9, 0.9]), texRes=128, units='norm', win=Window(...))
27.7955 	EXP 	Created unnamed ImageStim = ImageStim(__class__=<class 'psychopy.visual.image.ImageStim'>, autoLog=True, color=array([1., 1., 1.]), colorSpace='rgb', contrast=1.0, depth=0, flipHoriz=False, flipVert=False, image=Image(...), interpolate=False, mask=None, maskParams=None, name='unnamed ImageStim', opacity=1.0, ori=0.0, pos=array([0., 0.]), size=array([0.9, 0.9]), texRes=128, units='norm', win=Window(...))
28.8014 	EXP 	Created unnamed ImageStim = ImageStim(__class__=<class 'psychopy.visual.image.ImageStim'>, autoLog=True, color=array([1., 1., 1.]), colorSpace='rgb', contrast=1.0, depth=0, flipHoriz=False, flipVert=False, image=Image(...), interpolate=False, mask=None, maskParams=None, name='unnamed ImageStim', opacity=1.0, ori=0.0, pos=array([0., 0.]), size=array([0.9, 0.9]), texRes=128, units='norm', win=Window(...))
29.8006 	EXP 	Created unnamed ImageStim = ImageStim(__class__=<class 'psychopy.visual.image.ImageStim'>, autoLog=True, color=array([1., 1., 1.]), colorSpace='rgb', contrast=1.0, depth=0, flipHoriz=False, flipVert=False, image=Image(...), interpolate=False, mask=None, maskParams=None, name='unnamed ImageStim', opacity=1.0, ori=0.0, pos=array([0., 0.]), size=array([0.9, 0.9]), texRes=128, units='norm', win=Window(...))
30.7932 	EXP 	Created unnamed ImageStim = ImageStim(__class__=<class 'psychopy.visual.image.ImageStim'>, autoLog=True, color=array([1., 1., 1.]), colorSpace='rgb', contrast=1.0, depth=0, flipHoriz=False, flipVert=False, image=Image(...), interpolate=False, mask=None, maskParams=None, name='unnamed ImageStim', opacity=1.0, ori=0.0, pos=array([0., 0.]), size=array([0.9, 0.9]), texRes=128, units='norm', win=Window(...))
31.7987 	EXP 	Created unnamed ImageStim = ImageStim(__class__=<class 'psychopy.visual.image.ImageStim'>, autoLog=True, color=array([1., 1., 1.]), colorSpace='rgb', contrast=1.0, depth=0, flipHoriz=False, flipVert=False, image=Image(...), interpolate=False, mask=None, maskParams=None, name='unnamed ImageStim', opacity=1.0, ori=0.0, pos=array([0., 0.]), size=array([0.9, 0.9]), texRes=128, units='norm', win=Window(...))
32.7991 	EXP 	Created unnamed ImageStim = ImageStim(__class__=<class 'psychopy.visual.image.ImageStim'>, autoLog=True, color=array([1., 1., 1.]), colorSpace='rgb', contrast=1.0, depth=0, flipHoriz=False, flipVert=False, image=Image(...), interpolate=False, mask=None, maskParams=None, name='unnamed ImageStim', opacity=1.0, ori=0.0, pos=array([0., 0.]), size=array([0.9, 0.9]), texRes=128, units='norm', win=Window(...))
33.8128 	EXP 	Created unnamed ImageStim = ImageStim(__class__=<class 'psychopy.visual.image.ImageStim'>, autoLog=True, color=array([1., 1., 1.]), colorSpace='rgb', contrast=1.0, depth=0, flipHoriz=False, flipVert=False, image=Image(...), interpolate=False, mask=None, maskParams=None, name='unnamed ImageStim', opacity=1.0, ori=0.0, pos=array([0., 0.]), size=array([0.9, 0.9]), texRes=128, units='norm', win=Window(...))
34.8139 	EXP 	Created unnamed ImageStim = ImageStim(__class__=<class 'psychopy.visual.image.ImageStim'>, autoLog=True, color=array([1., 1., 1.]), colorSpace='rgb', contrast=1.0, depth=0, flipHoriz=False, flipVert=False, image=Image(...), interpolate=False, mask=None, maskParams=None, name='unnamed ImageStim', opacity=1.0, ori=0.0, pos=array([0., 0.]), size=array([0.9, 0.9]), texRes=128, units='norm', win=Window(...))
35.8119 	EXP 	Created unnamed ImageStim = ImageStim(__class__=<class 'psychopy.visual.image.ImageStim'>, autoLog=True, color=array([1., 1., 1.]), colorSpace='rgb', contrast=1.0, depth=0, flipHoriz=False, flipVert=False, image=Image(...), interpolate=False, mask=None, maskParams=None, name='unnamed ImageStim', opacity=1.0, ori=0.0, pos=array([0., 0.]), size=array([0.9, 0.9]), texRes=128, units='norm', win=Window(...))
36.8118 	EXP 	Created unnamed ImageStim = ImageStim(__class__=<class 'psychopy.visual.image.ImageStim'>, autoLog=True, color=array([1., 1., 1.]), colorSpace='rgb', contrast=1.0, depth=0, flipHoriz=False, flipVert=False, image=Image(...), interpolate=False, mask=None, maskParams=None, name='unnamed ImageStim', opacity=1.0, ori=0.0, pos=array([0., 0.]), size=array([0.9, 0.9]), texRes=128, units='norm', win=Window(...))
37.8114 	EXP 	Created unnamed ImageStim = ImageStim(__class__=<class 'psychopy.visual.image.ImageStim'>, autoLog=True, color=array([1., 1., 1.]), colorSpace='rgb', contrast=1.0, depth=0, flipHoriz=False, flipVert=False, image=Image(...), interpolate=False, mask=None, maskParams=None, name='unnamed ImageStim', opacity=1.0, ori=0.0, pos=array([0., 0.]), size=array([0.9, 0.9]), texRes=128, units='norm', win=Window(...))
38.8278 	EXP 	Created unnamed ImageStim = ImageStim(__class__=<class 'psychopy.visual.image.ImageStim'>, autoLog=True, color=array([1., 1., 1.]), colorSpace='rgb', contrast=1.0, depth=0, flipHoriz=False, flipVert=False, image=Image(...), interpolate=False, mask=None, maskParams=None, name='unnamed ImageStim', opacity=1.0, ori=0.0, pos=array([0., 0.]), size=array([0.9, 0.9]), texRes=128, units='norm', win=Window(...))
39.8427 	EXP 	Created unnamed ImageStim = ImageStim(__class__=<class 'psychopy.visual.image.ImageStim'>, autoLog=True, color=array([1., 1., 1.]), colorSpace='rgb', contrast=1.0, depth=0, flipHoriz=False, flipVert=False, image=Image(...), interpolate=False, mask=None, maskParams=None, name='unnamed ImageStim', opacity=1.0, ori=0.0, pos=array([0., 0.]), size=array([0.9, 0.9]), texRes=128, units='norm', win=Window(...))
40.8394 	EXP 	Created unnamed ImageStim = ImageStim(__class__=<class 'psychopy.visual.image.ImageStim'>, autoLog=True, color=array([1., 1., 1.]), colorSpace='rgb', contrast=1.0, depth=0, flipHoriz=False, flipVert=False, image=Image(...), interpolate=False, mask=None, maskParams=None, name='unnamed ImageStim', opacity=1.0, ori=0.0, pos=array([0., 0.]), size=array([0.9, 0.9]), texRes=128, units='norm', win=Window(...))
41.8331 	EXP 	Created textGeneral = TextStim(__class__=<class 'psychopy.visual.text.TextStim'>, alignHoriz='center', alignVert='center', antialias=True, autoLog=True, bold=False, color='white', colorSpace='named', contrast=1.0, depth=0.0, flipHoriz=False, flipVert=False, font='Arial', fontFiles=[], height=0.1, italic=False, name='textGeneral', opacity=1.0, ori=0, pos=array([0., 0.]), rgb=array([255., 255., 255.]), text='indoor', units='norm', win=Window(...), wrapWidth=1)
45.8373 	EXP 	Created unnamed ImageStim = ImageStim(__class__=<class 'psychopy.visual.image.ImageStim'>, autoLog=True, color=array([1., 1., 1.]), colorSpace='rgb', contrast=1.0, depth=0, flipHoriz=False, flipVert=False, image=Image(...), interpolate=False, mask=None, maskParams=None, name='unnamed ImageStim', opacity=1.0, ori=0.0, pos=array([0., 0.]), size=array([0.9, 0.9]), texRes=128, units='norm', win=Window(...))
46.8369 	EXP 	Created unnamed ImageStim = ImageStim(__class__=<class 'psychopy.visual.image.ImageStim'>, autoLog=True, color=array([1., 1., 1.]), colorSpace='rgb', contrast=1.0, depth=0, flipHoriz=False, flipVert=False, image=Image(...), interpolate=False, mask=None, maskParams=None, name='unnamed ImageStim', opacity=1.0, ori=0.0, pos=array([0., 0.]), size=array([0.9, 0.9]), texRes=128, units='norm', win=Window(...))
47.8455 	EXP 	Created unnamed ImageStim = ImageStim(__class__=<class 'psychopy.visual.image.ImageStim'>, autoLog=True, color=array([1., 1., 1.]), colorSpace='rgb', contrast=1.0, depth=0, flipHoriz=False, flipVert=False, image=Image(...), interpolate=False, mask=None, maskParams=None, name='unnamed ImageStim', opacity=1.0, ori=0.0, pos=array([0., 0.]), size=array([0.9, 0.9]), texRes=128, units='norm', win=Window(...))
48.8511 	EXP 	Created unnamed ImageStim = ImageStim(__class__=<class 'psychopy.visual.image.ImageStim'>, autoLog=True, color=array([1., 1., 1.]), colorSpace='rgb', contrast=1.0, depth=0, flipHoriz=False, flipVert=False, image=Image(...), interpolate=False, mask=None, maskParams=None, name='unnamed ImageStim', opacity=1.0, ori=0.0, pos=array([0., 0.]), size=array([0.9, 0.9]), texRes=128, units='norm', win=Window(...))
49.8493 	EXP 	Created unnamed ImageStim = ImageStim(__class__=<class 'psychopy.visual.image.ImageStim'>, autoLog=True, color=array([1., 1., 1.]), colorSpace='rgb', contrast=1.0, depth=0, flipHoriz=False, flipVert=False, image=Image(...), interpolate=False, mask=None, maskParams=None, name='unnamed ImageStim', opacity=1.0, ori=0.0, pos=array([0., 0.]), size=array([0.9, 0.9]), texRes=128, units='norm', win=Window(...))
50.8491 	EXP 	Created unnamed ImageStim = ImageStim(__class__=<class 'psychopy.visual.image.ImageStim'>, autoLog=True, color=array([1., 1., 1.]), colorSpace='rgb', contrast=1.0, depth=0, flipHoriz=False, flipVert=False, image=Image(...), interpolate=False, mask=None, maskParams=None, name='unnamed ImageStim', opacity=1.0, ori=0.0, pos=array([0., 0.]), size=array([0.9, 0.9]), texRes=128, units='norm', win=Window(...))
51.8474 	EXP 	Created unnamed ImageStim = ImageStim(__class__=<class 'psychopy.visual.image.ImageStim'>, autoLog=True, color=array([1., 1., 1.]), colorSpace='rgb', contrast=1.0, depth=0, flipHoriz=False, flipVert=False, image=Image(...), interpolate=False, mask=None, maskParams=None, name='unnamed ImageStim', opacity=1.0, ori=0.0, pos=array([0., 0.]), size=array([0.9, 0.9]), texRes=128, units='norm', win=Window(...))
52.8471 	EXP 	Created unnamed ImageStim = ImageStim(__class__=<class 'psychopy.visual.image.ImageStim'>, autoLog=True, color=array([1., 1., 1.]), colorSpace='rgb', contrast=1.0, depth=0, flipHoriz=False, flipVert=False, image=Image(...), interpolate=False, mask=None, maskParams=None, name='unnamed ImageStim', opacity=1.0, ori=0.0, pos=array([0., 0.]), size=array([0.9, 0.9]), texRes=128, units='norm', win=Window(...))
53.8461 	EXP 	Created unnamed ImageStim = ImageStim(__class__=<class 'psychopy.visual.image.ImageStim'>, autoLog=True, color=array([1., 1., 1.]), colorSpace='rgb', contrast=1.0, depth=0, flipHoriz=False, flipVert=False, image=Image(...), interpolate=False, mask=None, maskParams=None, name='unnamed ImageStim', opacity=1.0, ori=0.0, pos=array([0., 0.]), size=array([0.9, 0.9]), texRes=128, units='norm', win=Window(...))
54.8455 	EXP 	Created unnamed ImageStim = ImageStim(__class__=<class 'psychopy.visual.image.ImageStim'>, autoLog=True, color=array([1., 1., 1.]), colorSpace='rgb', contrast=1.0, depth=0, flipHoriz=False, flipVert=False, image=Image(...), interpolate=False, mask=None, maskParams=None, name='unnamed ImageStim', opacity=1.0, ori=0.0, pos=array([0., 0.]), size=array([0.9, 0.9]), texRes=128, units='norm', win=Window(...))
55.8455 	EXP 	Created unnamed ImageStim = ImageStim(__class__=<class 'psychopy.visual.image.ImageStim'>, autoLog=True, color=array([1., 1., 1.]), colorSpace='rgb', contrast=1.0, depth=0, flipHoriz=False, flipVert=False, image=Image(...), interpolate=False, mask=None, maskParams=None, name='unnamed ImageStim', opacity=1.0, ori=0.0, pos=array([0., 0.]), size=array([0.9, 0.9]), texRes=128, units='norm', win=Window(...))
56.8600 	EXP 	Created unnamed ImageStim = ImageStim(__class__=<class 'psychopy.visual.image.ImageStim'>, autoLog=True, color=array([1., 1., 1.]), colorSpace='rgb', contrast=1.0, depth=0, flipHoriz=False, flipVert=False, image=Image(...), interpolate=False, mask=None, maskParams=None, name='unnamed ImageStim', opacity=1.0, ori=0.0, pos=array([0., 0.]), size=array([0.9, 0.9]), texRes=128, units='norm', win=Window(...))
57.8591 	EXP 	Created unnamed ImageStim = ImageStim(__class__=<class 'psychopy.visual.image.ImageStim'>, autoLog=True, color=array([1., 1., 1.]), colorSpace='rgb', contrast=1.0, depth=0, flipHoriz=False, flipVert=False, image=Image(...), interpolate=False, mask=None, maskParams=None, name='unnamed ImageStim', opacity=1.0, ori=0.0, pos=array([0., 0.]), size=array([0.9, 0.9]), texRes=128, units='norm', win=Window(...))
58.8581 	EXP 	Created unnamed ImageStim = ImageStim(__class__=<class 'psychopy.visual.image.ImageStim'>, autoLog=True, color=array([1., 1., 1.]), colorSpace='rgb', contrast=1.0, depth=0, flipHoriz=False, flipVert=False, image=Image(...), interpolate=False, mask=None, maskParams=None, name='unnamed ImageStim', opacity=1.0, ori=0.0, pos=array([0., 0.]), size=array([0.9, 0.9]), texRes=128, units='norm', win=Window(...))
59.8569 	EXP 	Created unnamed ImageStim = ImageStim(__class__=<class 'psychopy.visual.image.ImageStim'>, autoLog=True, color=array([1., 1., 1.]), colorSpace='rgb', contrast=1.0, depth=0, flipHoriz=False, flipVert=False, image=Image(...), interpolate=False, mask=None, maskParams=None, name='unnamed ImageStim', opacity=1.0, ori=0.0, pos=array([0., 0.]), size=array([0.9, 0.9]), texRes=128, units='norm', win=Window(...))
60.8570 	EXP 	Created unnamed ImageStim = ImageStim(__class__=<class 'psychopy.visual.image.ImageStim'>, autoLog=True, color=array([1., 1., 1.]), colorSpace='rgb', contrast=1.0, depth=0, flipHoriz=False, flipVert=False, image=Image(...), interpolate=False, mask=None, maskParams=None, name='unnamed ImageStim', opacity=1.0, ori=0.0, pos=array([0., 0.]), size=array([0.9, 0.9]), texRes=128, units='norm', win=Window(...))
61.8557 	EXP 	Created unnamed ImageStim = ImageStim(__class__=<class 'psychopy.visual.image.ImageStim'>, autoLog=True, color=array([1., 1., 1.]), colorSpace='rgb', contrast=1.0, depth=0, flipHoriz=False, flipVert=False, image=Image(...), interpolate=False, mask=None, maskParams=None, name='unnamed ImageStim', opacity=1.0, ori=0.0, pos=array([0., 0.]), size=array([0.9, 0.9]), texRes=128, units='norm', win=Window(...))
62.8557 	EXP 	Created unnamed ImageStim = ImageStim(__class__=<class 'psychopy.visual.image.ImageStim'>, autoLog=True, color=array([1., 1., 1.]), colorSpace='rgb', contrast=1.0, depth=0, flipHoriz=False, flipVert=False, image=Image(...), interpolate=False, mask=None, maskParams=None, name='unnamed ImageStim', opacity=1.0, ori=0.0, pos=array([0., 0.]), size=array([0.9, 0.9]), texRes=128, units='norm', win=Window(...))
63.8540 	EXP 	Created unnamed ImageStim = ImageStim(__class__=<class 'psychopy.visual.image.ImageStim'>, autoLog=True, color=array([1., 1., 1.]), colorSpace='rgb', contrast=1.0, depth=0, flipHoriz=False, flipVert=False, image=Image(...), interpolate=False, mask=None, maskParams=None, name='unnamed ImageStim', opacity=1.0, ori=0.0, pos=array([0., 0.]), size=array([0.9, 0.9]), texRes=128, units='norm', win=Window(...))
64.8539 	EXP 	Created unnamed ImageStim = ImageStim(__class__=<class 'psychopy.visual.image.ImageStim'>, autoLog=True, color=array([1., 1., 1.]), colorSpace='rgb', contrast=1.0, depth=0, flipHoriz=False, flipVert=False, image=Image(...), interpolate=False, mask=None, maskParams=None, name='unnamed ImageStim', opacity=1.0, ori=0.0, pos=array([0., 0.]), size=array([0.9, 0.9]), texRes=128, units='norm', win=Window(...))
65.8491 	EXP 	Created textGeneral = TextStim(__class__=<class 'psychopy.visual.text.TextStim'>, alignHoriz='center', alignVert='center', antialias=True, autoLog=True, bold=False, color='white', colorSpace='named', contrast=1.0, depth=0.0, flipHoriz=False, flipVert=False, font='Arial', fontFiles=[], height=0.1, italic=False, name='textGeneral', opacity=1.0, ori=0, pos=array([0., 0.]), rgb=array([255., 255., 255.]), text='male', units='norm', win=Window(...), wrapWidth=1)
69.8490 	EXP 	Created unnamed ImageStim = ImageStim(__class__=<class 'psychopy.visual.image.ImageStim'>, autoLog=True, color=array([1., 1., 1.]), colorSpace='rgb', contrast=1.0, depth=0, flipHoriz=False, flipVert=False, image=Image(...), interpolate=False, mask=None, maskParams=None, name='unnamed ImageStim', opacity=1.0, ori=0.0, pos=array([0., 0.]), size=array([0.9, 0.9]), texRes=128, units='norm', win=Window(...))
70.8494 	EXP 	Created unnamed ImageStim = ImageStim(__class__=<class 'psychopy.visual.image.ImageStim'>, autoLog=True, color=array([1., 1., 1.]), colorSpace='rgb', contrast=1.0, depth=0, flipHoriz=False, flipVert=False, image=Image(...), interpolate=False, mask=None, maskParams=None, name='unnamed ImageStim', opacity=1.0, ori=0.0, pos=array([0., 0.]), size=array([0.9, 0.9]), texRes=128, units='norm', win=Window(...))
71.8643 	EXP 	Created unnamed ImageStim = ImageStim(__class__=<class 'psychopy.visual.image.ImageStim'>, autoLog=True, color=array([1., 1., 1.]), colorSpace='rgb', contrast=1.0, depth=0, flipHoriz=False, flipVert=False, image=Image(...), interpolate=False, mask=None, maskParams=None, name='unnamed ImageStim', opacity=1.0, ori=0.0, pos=array([0., 0.]), size=array([0.9, 0.9]), texRes=128, units='norm', win=Window(...))
72.8636 	EXP 	Created unnamed ImageStim = ImageStim(__class__=<class 'psychopy.visual.image.ImageStim'>, autoLog=True, color=array([1., 1., 1.]), colorSpace='rgb', contrast=1.0, depth=0, flipHoriz=False, flipVert=False, image=Image(...), interpolate=False, mask=None, maskParams=None, name='unnamed ImageStim', opacity=1.0, ori=0.0, pos=array([0., 0.]), size=array([0.9, 0.9]), texRes=128, units='norm', win=Window(...))
73.8631 	EXP 	Created unnamed ImageStim = ImageStim(__class__=<class 'psychopy.visual.image.ImageStim'>, autoLog=True, color=array([1., 1., 1.]), colorSpace='rgb', contrast=1.0, depth=0, flipHoriz=False, flipVert=False, image=Image(...), interpolate=False, mask=None, maskParams=None, name='unnamed ImageStim', opacity=1.0, ori=0.0, pos=array([0., 0.]), size=array([0.9, 0.9]), texRes=128, units='norm', win=Window(...))
74.8769 	EXP 	Created unnamed ImageStim = ImageStim(__class__=<class 'psychopy.visual.image.ImageStim'>, autoLog=True, color=array([1., 1., 1.]), colorSpace='rgb', contrast=1.0, depth=0, flipHoriz=False, flipVert=False, image=Image(...), interpolate=False, mask=None, maskParams=None, name='unnamed ImageStim', opacity=1.0, ori=0.0, pos=array([0., 0.]), size=array([0.9, 0.9]), texRes=128, units='norm', win=Window(...))
75.8770 	EXP 	Created unnamed ImageStim = ImageStim(__class__=<class 'psychopy.visual.image.ImageStim'>, autoLog=True, color=array([1., 1., 1.]), colorSpace='rgb', contrast=1.0, depth=0, flipHoriz=False, flipVert=False, image=Image(...), interpolate=False, mask=None, maskParams=None, name='unnamed ImageStim', opacity=1.0, ori=0.0, pos=array([0., 0.]), size=array([0.9, 0.9]), texRes=128, units='norm', win=Window(...))
76.8757 	EXP 	Created unnamed ImageStim = ImageStim(__class__=<class 'psychopy.visual.image.ImageStim'>, autoLog=True, color=array([1., 1., 1.]), colorSpace='rgb', contrast=1.0, depth=0, flipHoriz=False, flipVert=False, image=Image(...), interpolate=False, mask=None, maskParams=None, name='unnamed ImageStim', opacity=1.0, ori=0.0, pos=array([0., 0.]), size=array([0.9, 0.9]), texRes=128, units='norm', win=Window(...))
77.8765 	EXP 	Created unnamed ImageStim = ImageStim(__class__=<class 'psychopy.visual.image.ImageStim'>, autoLog=True, color=array([1., 1., 1.]), colorSpace='rgb', contrast=1.0, depth=0, flipHoriz=False, flipVert=False, image=Image(...), interpolate=False, mask=None, maskParams=None, name='unnamed ImageStim', opacity=1.0, ori=0.0, pos=array([0., 0.]), size=array([0.9, 0.9]), texRes=128, units='norm', win=Window(...))
78.8742 	EXP 	Created unnamed ImageStim = ImageStim(__class__=<class 'psychopy.visual.image.ImageStim'>, autoLog=True, color=array([1., 1., 1.]), colorSpace='rgb', contrast=1.0, depth=0, flipHoriz=False, flipVert=False, image=Image(...), interpolate=False, mask=None, maskParams=None, name='unnamed ImageStim', opacity=1.0, ori=0.0, pos=array([0., 0.]), size=array([0.9, 0.9]), texRes=128, units='norm', win=Window(...))
79.8745 	EXP 	Created unnamed ImageStim = ImageStim(__class__=<class 'psychopy.visual.image.ImageStim'>, autoLog=True, color=array([1., 1., 1.]), colorSpace='rgb', contrast=1.0, depth=0, flipHoriz=False, flipVert=False, image=Image(...), interpolate=False, mask=None, maskParams=None, name='unnamed ImageStim', opacity=1.0, ori=0.0, pos=array([0., 0.]), size=array([0.9, 0.9]), texRes=128, units='norm', win=Window(...))
80.8719 	EXP 	Created unnamed ImageStim = ImageStim(__class__=<class 'psychopy.visual.image.ImageStim'>, autoLog=True, color=array([1., 1., 1.]), colorSpace='rgb', contrast=1.0, depth=0, flipHoriz=False, flipVert=False, image=Image(...), interpolate=False, mask=None, maskParams=None, name='unnamed ImageStim', opacity=1.0, ori=0.0, pos=array([0., 0.]), size=array([0.9, 0.9]), texRes=128, units='norm', win=Window(...))
81.8716 	EXP 	Created unnamed ImageStim = ImageStim(__class__=<class 'psychopy.visual.image.ImageStim'>, autoLog=True, color=array([1., 1., 1.]), colorSpace='rgb', contrast=1.0, depth=0, flipHoriz=False, flipVert=False, image=Image(...), interpolate=False, mask=None, maskParams=None, name='unnamed ImageStim', opacity=1.0, ori=0.0, pos=array([0., 0.]), size=array([0.9, 0.9]), texRes=128, units='norm', win=Window(...))
82.8702 	EXP 	Created unnamed ImageStim = ImageStim(__class__=<class 'psychopy.visual.image.ImageStim'>, autoLog=True, color=array([1., 1., 1.]), colorSpace='rgb', contrast=1.0, depth=0, flipHoriz=False, flipVert=False, image=Image(...), interpolate=False, mask=None, maskParams=None, name='unnamed ImageStim', opacity=1.0, ori=0.0, pos=array([0., 0.]), size=array([0.9, 0.9]), texRes=128, units='norm', win=Window(...))
83.8693 	EXP 	Created unnamed ImageStim = ImageStim(__class__=<class 'psychopy.visual.image.ImageStim'>, autoLog=True, color=array([1., 1., 1.]), colorSpace='rgb', contrast=1.0, depth=0, flipHoriz=False, flipVert=False, image=Image(...), interpolate=False, mask=None, maskParams=None, name='unnamed ImageStim', opacity=1.0, ori=0.0, pos=array([0., 0.]), size=array([0.9, 0.9]), texRes=128, units='norm', win=Window(...))
84.8716 	EXP 	Created unnamed ImageStim = ImageStim(__class__=<class 'psychopy.visual.image.ImageStim'>, autoLog=True, color=array([1., 1., 1.]), colorSpace='rgb', contrast=1.0, depth=0, flipHoriz=False, flipVert=False, image=Image(...), interpolate=False, mask=None, maskParams=None, name='unnamed ImageStim', opacity=1.0, ori=0.0, pos=array([0., 0.]), size=array([0.9, 0.9]), texRes=128, units='norm', win=Window(...))
85.8667 	EXP 	Created unnamed ImageStim = ImageStim(__class__=<class 'psychopy.visual.image.ImageStim'>, autoLog=True, color=array([1., 1., 1.]), colorSpace='rgb', contrast=1.0, depth=0, flipHoriz=False, flipVert=False, image=Image(...), interpolate=False, mask=None, maskParams=None, name='unnamed ImageStim', opacity=1.0, ori=0.0, pos=array([0., 0.]), size=array([0.9, 0.9]), texRes=128, units='norm', win=Window(...))
86.8663 	EXP 	Created unnamed ImageStim = ImageStim(__class__=<class 'psychopy.visual.image.ImageStim'>, autoLog=True, color=array([1., 1., 1.]), colorSpace='rgb', contrast=1.0, depth=0, flipHoriz=False, flipVert=False, image=Image(...), interpolate=False, mask=None, maskParams=None, name='unnamed ImageStim', opacity=1.0, ori=0.0, pos=array([0., 0.]), size=array([0.9, 0.9]), texRes=128, units='norm', win=Window(...))
87.8668 	EXP 	Created unnamed ImageStim = ImageStim(__class__=<class 'psychopy.visual.image.ImageStim'>, autoLog=True, color=array([1., 1., 1.]), colorSpace='rgb', contrast=1.0, depth=0, flipHoriz=False, flipVert=False, image=Image(...), interpolate=False, mask=None, maskParams=None, name='unnamed ImageStim', opacity=1.0, ori=0.0, pos=array([0., 0.]), size=array([0.9, 0.9]), texRes=128, units='norm', win=Window(...))
88.8650 	EXP 	Created unnamed ImageStim = ImageStim(__class__=<class 'psychopy.visual.image.ImageStim'>, autoLog=True, color=array([1., 1., 1.]), colorSpace='rgb', contrast=1.0, depth=0, flipHoriz=False, flipVert=False, image=Image(...), interpolate=False, mask=None, maskParams=None, name='unnamed ImageStim', opacity=1.0, ori=0.0, pos=array([0., 0.]), size=array([0.9, 0.9]), texRes=128, units='norm', win=Window(...))
89.8575 	EXP 	Created textGeneral = TextStim(__class__=<class 'psychopy.visual.text.TextStim'>, alignHoriz='center', alignVert='center', antialias=True, autoLog=True, bold=False, color='white', colorSpace='named', contrast=1.0, depth=0.0, flipHoriz=False, flipVert=False, font='Arial', fontFiles=[], height=0.1, italic=False, name='textGeneral', opacity=1.0, ori=0, pos=array([0., 0.]), rgb=array([255., 255., 255.]), text='male', units='norm', win=Window(...), wrapWidth=1)
93.8619 	EXP 	Created unnamed ImageStim = ImageStim(__class__=<class 'psychopy.visual.image.ImageStim'>, autoLog=True, color=array([1., 1., 1.]), colorSpace='rgb', contrast=1.0, depth=0, flipHoriz=False, flipVert=False, image=Image(...), interpolate=False, mask=None, maskParams=None, name='unnamed ImageStim', opacity=1.0, ori=0.0, pos=array([0., 0.]), size=array([0.9, 0.9]), texRes=128, units='norm', win=Window(...))
94.8611 	EXP 	Created unnamed ImageStim = ImageStim(__class__=<class 'psychopy.visual.image.ImageStim'>, autoLog=True, color=array([1., 1., 1.]), colorSpace='rgb', contrast=1.0, depth=0, flipHoriz=False, flipVert=False, image=Image(...), interpolate=False, mask=None, maskParams=None, name='unnamed ImageStim', opacity=1.0, ori=0.0, pos=array([0., 0.]), size=array([0.9, 0.9]), texRes=128, units='norm', win=Window(...))
95.8517 	EXP 	Created unnamed ImageStim = ImageStim(__class__=<class 'psychopy.visual.image.ImageStim'>, autoLog=True, color=array([1., 1., 1.]), colorSpace='rgb', contrast=1.0, depth=0, flipHoriz=False, flipVert=False, image=Image(...), interpolate=False, mask=None, maskParams=None, name='unnamed ImageStim', opacity=1.0, ori=0.0, pos=array([0., 0.]), size=array([0.9, 0.9]), texRes=128, units='norm', win=Window(...))
96.8584 	EXP 	Created unnamed ImageStim = ImageStim(__class__=<class 'psychopy.visual.image.ImageStim'>, autoLog=True, color=array([1., 1., 1.]), colorSpace='rgb', contrast=1.0, depth=0, flipHoriz=False, flipVert=False, image=Image(...), interpolate=False, mask=None, maskParams=None, name='unnamed ImageStim', opacity=1.0, ori=0.0, pos=array([0., 0.]), size=array([0.9, 0.9]), texRes=128, units='norm', win=Window(...))
97.8586 	EXP 	Created unnamed ImageStim = ImageStim(__class__=<class 'psychopy.visual.image.ImageStim'>, autoLog=True, color=array([1., 1., 1.]), colorSpace='rgb', contrast=1.0, depth=0, flipHoriz=False, flipVert=False, image=Image(...), interpolate=False, mask=None, maskParams=None, name='unnamed ImageStim', opacity=1.0, ori=0.0, pos=array([0., 0.]), size=array([0.9, 0.9]), texRes=128, units='norm', win=Window(...))
98.8489 	EXP 	Created unnamed ImageStim = ImageStim(__class__=<class 'psychopy.visual.image.ImageStim'>, autoLog=True, color=array([1., 1., 1.]), colorSpace='rgb', contrast=1.0, depth=0, flipHoriz=False, flipVert=False, image=Image(...), interpolate=False, mask=None, maskParams=None, name='unnamed ImageStim', opacity=1.0, ori=0.0, pos=array([0., 0.]), size=array([0.9, 0.9]), texRes=128, units='norm', win=Window(...))
99.8560 	EXP 	Created unnamed ImageStim = ImageStim(__class__=<class 'psychopy.visual.image.ImageStim'>, autoLog=True, color=array([1., 1., 1.]), colorSpace='rgb', contrast=1.0, depth=0, flipHoriz=False, flipVert=False, image=Image(...), interpolate=False, mask=None, maskParams=None, name='unnamed ImageStim', opacity=1.0, ori=0.0, pos=array([0., 0.]), size=array([0.9, 0.9]), texRes=128, units='norm', win=Window(...))
100.8563 	EXP 	Created unnamed ImageStim = ImageStim(__class__=<class 'psychopy.visual.image.ImageStim'>, autoLog=True, color=array([1., 1., 1.]), colorSpace='rgb', contrast=1.0, depth=0, flipHoriz=False, flipVert=False, image=Image(...), interpolate=False, mask=None, maskParams=None, name='unnamed ImageStim', opacity=1.0, ori=0.0, pos=array([0., 0.]), size=array([0.9, 0.9]), texRes=128, units='norm', win=Window(...))
101.8648 	EXP 	Created unnamed ImageStim = ImageStim(__class__=<class 'psychopy.visual.image.ImageStim'>, autoLog=True, color=array([1., 1., 1.]), colorSpace='rgb', contrast=1.0, depth=0, flipHoriz=False, flipVert=False, image=Image(...), interpolate=False, mask=None, maskParams=None, name='unnamed ImageStim', opacity=1.0, ori=0.0, pos=array([0., 0.]), size=array([0.9, 0.9]), texRes=128, units='norm', win=Window(...))
102.8696 	EXP 	Created unnamed ImageStim = ImageStim(__class__=<class 'psychopy.visual.image.ImageStim'>, autoLog=True, color=array([1., 1., 1.]), colorSpace='rgb', contrast=1.0, depth=0, flipHoriz=False, flipVert=False, image=Image(...), interpolate=False, mask=None, maskParams=None, name='unnamed ImageStim', opacity=1.0, ori=0.0, pos=array([0., 0.]), size=array([0.9, 0.9]), texRes=128, units='norm', win=Window(...))
103.8696 	EXP 	Created unnamed ImageStim = ImageStim(__class__=<class 'psychopy.visual.image.ImageStim'>, autoLog=True, color=array([1., 1., 1.]), colorSpace='rgb', contrast=1.0, depth=0, flipHoriz=False, flipVert=False, image=Image(...), interpolate=False, mask=None, maskParams=None, name='unnamed ImageStim', opacity=1.0, ori=0.0, pos=array([0., 0.]), size=array([0.9, 0.9]), texRes=128, units='norm', win=Window(...))
104.8686 	EXP 	Created unnamed ImageStim = ImageStim(__class__=<class 'psychopy.visual.image.ImageStim'>, autoLog=True, color=array([1., 1., 1.]), colorSpace='rgb', contrast=1.0, depth=0, flipHoriz=False, flipVert=False, image=Image(...), interpolate=False, mask=None, maskParams=None, name='unnamed ImageStim', opacity=1.0, ori=0.0, pos=array([0., 0.]), size=array([0.9, 0.9]), texRes=128, units='norm', win=Window(...))
105.8679 	EXP 	Created unnamed ImageStim = ImageStim(__class__=<class 'psychopy.visual.image.ImageStim'>, autoLog=True, color=array([1., 1., 1.]), colorSpace='rgb', contrast=1.0, depth=0, flipHoriz=False, flipVert=False, image=Image(...), interpolate=False, mask=None, maskParams=None, name='unnamed ImageStim', opacity=1.0, ori=0.0, pos=array([0., 0.]), size=array([0.9, 0.9]), texRes=128, units='norm', win=Window(...))
106.8601 	EXP 	Created unnamed ImageStim = ImageStim(__class__=<class 'psychopy.visual.image.ImageStim'>, autoLog=True, color=array([1., 1., 1.]), colorSpace='rgb', contrast=1.0, depth=0, flipHoriz=False, flipVert=False, image=Image(...), interpolate=False, mask=None, maskParams=None, name='unnamed ImageStim', opacity=1.0, ori=0.0, pos=array([0., 0.]), size=array([0.9, 0.9]), texRes=128, units='norm', win=Window(...))
107.8661 	EXP 	Created unnamed ImageStim = ImageStim(__class__=<class 'psychopy.visual.image.ImageStim'>, autoLog=True, color=array([1., 1., 1.]), colorSpace='rgb', contrast=1.0, depth=0, flipHoriz=False, flipVert=False, image=Image(...), interpolate=False, mask=None, maskParams=None, name='unnamed ImageStim', opacity=1.0, ori=0.0, pos=array([0., 0.]), size=array([0.9, 0.9]), texRes=128, units='norm', win=Window(...))
108.8653 	EXP 	Created unnamed ImageStim = ImageStim(__class__=<class 'psychopy.visual.image.ImageStim'>, autoLog=True, color=array([1., 1., 1.]), colorSpace='rgb', contrast=1.0, depth=0, flipHoriz=False, flipVert=False, image=Image(...), interpolate=False, mask=None, maskParams=None, name='unnamed ImageStim', opacity=1.0, ori=0.0, pos=array([0., 0.]), size=array([0.9, 0.9]), texRes=128, units='norm', win=Window(...))
109.8641 	EXP 	Created unnamed ImageStim = ImageStim(__class__=<class 'psychopy.visual.image.ImageStim'>, autoLog=True, color=array([1., 1., 1.]), colorSpace='rgb', contrast=1.0, depth=0, flipHoriz=False, flipVert=False, image=Image(...), interpolate=False, mask=None, maskParams=None, name='unnamed ImageStim', opacity=1.0, ori=0.0, pos=array([0., 0.]), size=array([0.9, 0.9]), texRes=128, units='norm', win=Window(...))
110.8631 	EXP 	Created unnamed ImageStim = ImageStim(__class__=<class 'psychopy.visual.image.ImageStim'>, autoLog=True, color=array([1., 1., 1.]), colorSpace='rgb', contrast=1.0, depth=0, flipHoriz=False, flipVert=False, image=Image(...), interpolate=False, mask=None, maskParams=None, name='unnamed ImageStim', opacity=1.0, ori=0.0, pos=array([0., 0.]), size=array([0.9, 0.9]), texRes=128, units='norm', win=Window(...))
111.8609 	EXP 	Created unnamed ImageStim = ImageStim(__class__=<class 'psychopy.visual.image.ImageStim'>, autoLog=True, color=array([1., 1., 1.]), colorSpace='rgb', contrast=1.0, depth=0, flipHoriz=False, flipVert=False, image=Image(...), interpolate=False, mask=None, maskParams=None, name='unnamed ImageStim', opacity=1.0, ori=0.0, pos=array([0., 0.]), size=array([0.9, 0.9]), texRes=128, units='norm', win=Window(...))
112.8602 	EXP 	Created unnamed ImageStim = ImageStim(__class__=<class 'psychopy.visual.image.ImageStim'>, autoLog=True, color=array([1., 1., 1.]), colorSpace='rgb', contrast=1.0, depth=0, flipHoriz=False, flipVert=False, image=Image(...), interpolate=False, mask=None, maskParams=None, name='unnamed ImageStim', opacity=1.0, ori=0.0, pos=array([0., 0.]), size=array([0.9, 0.9]), texRes=128, units='norm', win=Window(...))
113.8622 	EXP 	Created textBreak = TextStim(__class__=<class 'psychopy.visual.text.TextStim'>, alignHoriz='center', alignVert='center', antialias=True, autoLog=True, bold=False, color='white', colorSpace='named', contrast=1.0, depth=0.0, flipHoriz=False, flipVert=False, font='Arial', fontFiles=[], height=0.1, italic=False, name='textBreak', opacity=1.0, ori=0, pos=array([0., 0.]), rgb=array([255., 255., 255.]), text='break time, yay, you rock!!', units='norm', win=Window(...), wrapWidth=1)
118.8657 	EXP 	Created textGeneral = TextStim(__class__=<class 'psychopy.visual.text.TextStim'>, alignHoriz='center', alignVert='center', antialias=True, autoLog=True, bold=False, color='white', colorSpace='named', contrast=1.0, depth=0.0, flipHoriz=False, flipVert=False, font='Arial', fontFiles=[], height=0.1, italic=False, name='textGeneral', opacity=1.0, ori=0, pos=array([0., 0.]), rgb=array([255., 255., 255.]), text='indoor', units='norm', win=Window(...), wrapWidth=1)
122.8689 	EXP 	Created unnamed ImageStim = ImageStim(__class__=<class 'psychopy.visual.image.ImageStim'>, autoLog=True, color=array([1., 1., 1.]), colorSpace='rgb', contrast=1.0, depth=0, flipHoriz=False, flipVert=False, image=Image(...), interpolate=False, mask=None, maskParams=None, name='unnamed ImageStim', opacity=1.0, ori=0.0, pos=array([0., 0.]), size=array([0.9, 0.9]), texRes=128, units='norm', win=Window(...))
123.8695 	EXP 	Created unnamed ImageStim = ImageStim(__class__=<class 'psychopy.visual.image.ImageStim'>, autoLog=True, color=array([1., 1., 1.]), colorSpace='rgb', contrast=1.0, depth=0, flipHoriz=False, flipVert=False, image=Image(...), interpolate=False, mask=None, maskParams=None, name='unnamed ImageStim', opacity=1.0, ori=0.0, pos=array([0., 0.]), size=array([0.9, 0.9]), texRes=128, units='norm', win=Window(...))
124.8835 	EXP 	Created unnamed ImageStim = ImageStim(__class__=<class 'psychopy.visual.image.ImageStim'>, autoLog=True, color=array([1., 1., 1.]), colorSpace='rgb', contrast=1.0, depth=0, flipHoriz=False, flipVert=False, image=Image(...), interpolate=False, mask=None, maskParams=None, name='unnamed ImageStim', opacity=1.0, ori=0.0, pos=array([0., 0.]), size=array([0.9, 0.9]), texRes=128, units='norm', win=Window(...))
125.8826 	EXP 	Created unnamed ImageStim = ImageStim(__class__=<class 'psychopy.visual.image.ImageStim'>, autoLog=True, color=array([1., 1., 1.]), colorSpace='rgb', contrast=1.0, depth=0, flipHoriz=False, flipVert=False, image=Image(...), interpolate=False, mask=None, maskParams=None, name='unnamed ImageStim', opacity=1.0, ori=0.0, pos=array([0., 0.]), size=array([0.9, 0.9]), texRes=128, units='norm', win=Window(...))
126.8816 	EXP 	Created unnamed ImageStim = ImageStim(__class__=<class 'psychopy.visual.image.ImageStim'>, autoLog=True, color=array([1., 1., 1.]), colorSpace='rgb', contrast=1.0, depth=0, flipHoriz=False, flipVert=False, image=Image(...), interpolate=False, mask=None, maskParams=None, name='unnamed ImageStim', opacity=1.0, ori=0.0, pos=array([0., 0.]), size=array([0.9, 0.9]), texRes=128, units='norm', win=Window(...))
127.8815 	EXP 	Created unnamed ImageStim = ImageStim(__class__=<class 'psychopy.visual.image.ImageStim'>, autoLog=True, color=array([1., 1., 1.]), colorSpace='rgb', contrast=1.0, depth=0, flipHoriz=False, flipVert=False, image=Image(...), interpolate=False, mask=None, maskParams=None, name='unnamed ImageStim', opacity=1.0, ori=0.0, pos=array([0., 0.]), size=array([0.9, 0.9]), texRes=128, units='norm', win=Window(...))
128.8801 	EXP 	Created unnamed ImageStim = ImageStim(__class__=<class 'psychopy.visual.image.ImageStim'>, autoLog=True, color=array([1., 1., 1.]), colorSpace='rgb', contrast=1.0, depth=0, flipHoriz=False, flipVert=False, image=Image(...), interpolate=False, mask=None, maskParams=None, name='unnamed ImageStim', opacity=1.0, ori=0.0, pos=array([0., 0.]), size=array([0.9, 0.9]), texRes=128, units='norm', win=Window(...))
129.8793 	EXP 	Created unnamed ImageStim = ImageStim(__class__=<class 'psychopy.visual.image.ImageStim'>, autoLog=True, color=array([1., 1., 1.]), colorSpace='rgb', contrast=1.0, depth=0, flipHoriz=False, flipVert=False, image=Image(...), interpolate=False, mask=None, maskParams=None, name='unnamed ImageStim', opacity=1.0, ori=0.0, pos=array([0., 0.]), size=array([0.9, 0.9]), texRes=128, units='norm', win=Window(...))
130.8785 	EXP 	Created unnamed ImageStim = ImageStim(__class__=<class 'psychopy.visual.image.ImageStim'>, autoLog=True, color=array([1., 1., 1.]), colorSpace='rgb', contrast=1.0, depth=0, flipHoriz=False, flipVert=False, image=Image(...), interpolate=False, mask=None, maskParams=None, name='unnamed ImageStim', opacity=1.0, ori=0.0, pos=array([0., 0.]), size=array([0.9, 0.9]), texRes=128, units='norm', win=Window(...))
131.8770 	EXP 	Created unnamed ImageStim = ImageStim(__class__=<class 'psychopy.visual.image.ImageStim'>, autoLog=True, color=array([1., 1., 1.]), colorSpace='rgb', contrast=1.0, depth=0, flipHoriz=False, flipVert=False, image=Image(...), interpolate=False, mask=None, maskParams=None, name='unnamed ImageStim', opacity=1.0, ori=0.0, pos=array([0., 0.]), size=array([0.9, 0.9]), texRes=128, units='norm', win=Window(...))
132.8764 	EXP 	Created unnamed ImageStim = ImageStim(__class__=<class 'psychopy.visual.image.ImageStim'>, autoLog=True, color=array([1., 1., 1.]), colorSpace='rgb', contrast=1.0, depth=0, flipHoriz=False, flipVert=False, image=Image(...), interpolate=False, mask=None, maskParams=None, name='unnamed ImageStim', opacity=1.0, ori=0.0, pos=array([0., 0.]), size=array([0.9, 0.9]), texRes=128, units='norm', win=Window(...))
133.8763 	EXP 	Created unnamed ImageStim = ImageStim(__class__=<class 'psychopy.visual.image.ImageStim'>, autoLog=True, color=array([1., 1., 1.]), colorSpace='rgb', contrast=1.0, depth=0, flipHoriz=False, flipVert=False, image=Image(...), interpolate=False, mask=None, maskParams=None, name='unnamed ImageStim', opacity=1.0, ori=0.0, pos=array([0., 0.]), size=array([0.9, 0.9]), texRes=128, units='norm', win=Window(...))
134.8760 	EXP 	Created unnamed ImageStim = ImageStim(__class__=<class 'psychopy.visual.image.ImageStim'>, autoLog=True, color=array([1., 1., 1.]), colorSpace='rgb', contrast=1.0, depth=0, flipHoriz=False, flipVert=False, image=Image(...), interpolate=False, mask=None, maskParams=None, name='unnamed ImageStim', opacity=1.0, ori=0.0, pos=array([0., 0.]), size=array([0.9, 0.9]), texRes=128, units='norm', win=Window(...))
135.8756 	EXP 	Created unnamed ImageStim = ImageStim(__class__=<class 'psychopy.visual.image.ImageStim'>, autoLog=True, color=array([1., 1., 1.]), colorSpace='rgb', contrast=1.0, depth=0, flipHoriz=False, flipVert=False, image=Image(...), interpolate=False, mask=None, maskParams=None, name='unnamed ImageStim', opacity=1.0, ori=0.0, pos=array([0., 0.]), size=array([0.9, 0.9]), texRes=128, units='norm', win=Window(...))
136.8734 	EXP 	Created unnamed ImageStim = ImageStim(__class__=<class 'psychopy.visual.image.ImageStim'>, autoLog=True, color=array([1., 1., 1.]), colorSpace='rgb', contrast=1.0, depth=0, flipHoriz=False, flipVert=False, image=Image(...), interpolate=False, mask=None, maskParams=None, name='unnamed ImageStim', opacity=1.0, ori=0.0, pos=array([0., 0.]), size=array([0.9, 0.9]), texRes=128, units='norm', win=Window(...))
137.8719 	EXP 	Created unnamed ImageStim = ImageStim(__class__=<class 'psychopy.visual.image.ImageStim'>, autoLog=True, color=array([1., 1., 1.]), colorSpace='rgb', contrast=1.0, depth=0, flipHoriz=False, flipVert=False, image=Image(...), interpolate=False, mask=None, maskParams=None, name='unnamed ImageStim', opacity=1.0, ori=0.0, pos=array([0., 0.]), size=array([0.9, 0.9]), texRes=128, units='norm', win=Window(...))
138.8724 	EXP 	Created unnamed ImageStim = ImageStim(__class__=<class 'psychopy.visual.image.ImageStim'>, autoLog=True, color=array([1., 1., 1.]), colorSpace='rgb', contrast=1.0, depth=0, flipHoriz=False, flipVert=False, image=Image(...), interpolate=False, mask=None, maskParams=None, name='unnamed ImageStim', opacity=1.0, ori=0.0, pos=array([0., 0.]), size=array([0.9, 0.9]), texRes=128, units='norm', win=Window(...))
139.8703 	EXP 	Created unnamed ImageStim = ImageStim(__class__=<class 'psychopy.visual.image.ImageStim'>, autoLog=True, color=array([1., 1., 1.]), colorSpace='rgb', contrast=1.0, depth=0, flipHoriz=False, flipVert=False, image=Image(...), interpolate=False, mask=None, maskParams=None, name='unnamed ImageStim', opacity=1.0, ori=0.0, pos=array([0., 0.]), size=array([0.9, 0.9]), texRes=128, units='norm', win=Window(...))
140.8707 	EXP 	Created unnamed ImageStim = ImageStim(__class__=<class 'psychopy.visual.image.ImageStim'>, autoLog=True, color=array([1., 1., 1.]), colorSpace='rgb', contrast=1.0, depth=0, flipHoriz=False, flipVert=False, image=Image(...), interpolate=False, mask=None, maskParams=None, name='unnamed ImageStim', opacity=1.0, ori=0.0, pos=array([0., 0.]), size=array([0.9, 0.9]), texRes=128, units='norm', win=Window(...))
141.8690 	EXP 	Created unnamed ImageStim = ImageStim(__class__=<class 'psychopy.visual.image.ImageStim'>, autoLog=True, color=array([1., 1., 1.]), colorSpace='rgb', contrast=1.0, depth=0, flipHoriz=False, flipVert=False, image=Image(...), interpolate=False, mask=None, maskParams=None, name='unnamed ImageStim', opacity=1.0, ori=0.0, pos=array([0., 0.]), size=array([0.9, 0.9]), texRes=128, units='norm', win=Window(...))
142.8615 	EXP 	Created textGeneral = TextStim(__class__=<class 'psychopy.visual.text.TextStim'>, alignHoriz='center', alignVert='center', antialias=True, autoLog=True, bold=False, color='white', colorSpace='named', contrast=1.0, depth=0.0, flipHoriz=False, flipVert=False, font='Arial', fontFiles=[], height=0.1, italic=False, name='textGeneral', opacity=1.0, ori=0, pos=array([0., 0.]), rgb=array([255., 255., 255.]), text='indoor', units='norm', win=Window(...), wrapWidth=1)
146.8640 	EXP 	Created unnamed ImageStim = ImageStim(__class__=<class 'psychopy.visual.image.ImageStim'>, autoLog=True, color=array([1., 1., 1.]), colorSpace='rgb', contrast=1.0, depth=0, flipHoriz=False, flipVert=False, image=Image(...), interpolate=False, mask=None, maskParams=None, name='unnamed ImageStim', opacity=1.0, ori=0.0, pos=array([0., 0.]), size=array([0.9, 0.9]), texRes=128, units='norm', win=Window(...))
147.8628 	EXP 	Created unnamed ImageStim = ImageStim(__class__=<class 'psychopy.visual.image.ImageStim'>, autoLog=True, color=array([1., 1., 1.]), colorSpace='rgb', contrast=1.0, depth=0, flipHoriz=False, flipVert=False, image=Image(...), interpolate=False, mask=None, maskParams=None, name='unnamed ImageStim', opacity=1.0, ori=0.0, pos=array([0., 0.]), size=array([0.9, 0.9]), texRes=128, units='norm', win=Window(...))
148.8640 	EXP 	Created unnamed ImageStim = ImageStim(__class__=<class 'psychopy.visual.image.ImageStim'>, autoLog=True, color=array([1., 1., 1.]), colorSpace='rgb', contrast=1.0, depth=0, flipHoriz=False, flipVert=False, image=Image(...), interpolate=False, mask=None, maskParams=None, name='unnamed ImageStim', opacity=1.0, ori=0.0, pos=array([0., 0.]), size=array([0.9, 0.9]), texRes=128, units='norm', win=Window(...))
149.8551 	EXP 	Created unnamed ImageStim = ImageStim(__class__=<class 'psychopy.visual.image.ImageStim'>, autoLog=True, color=array([1., 1., 1.]), colorSpace='rgb', contrast=1.0, depth=0, flipHoriz=False, flipVert=False, image=Image(...), interpolate=False, mask=None, maskParams=None, name='unnamed ImageStim', opacity=1.0, ori=0.0, pos=array([0., 0.]), size=array([0.9, 0.9]), texRes=128, units='norm', win=Window(...))
150.8612 	EXP 	Created unnamed ImageStim = ImageStim(__class__=<class 'psychopy.visual.image.ImageStim'>, autoLog=True, color=array([1., 1., 1.]), colorSpace='rgb', contrast=1.0, depth=0, flipHoriz=False, flipVert=False, image=Image(...), interpolate=False, mask=None, maskParams=None, name='unnamed ImageStim', opacity=1.0, ori=0.0, pos=array([0., 0.]), size=array([0.9, 0.9]), texRes=128, units='norm', win=Window(...))
151.8604 	EXP 	Created unnamed ImageStim = ImageStim(__class__=<class 'psychopy.visual.image.ImageStim'>, autoLog=True, color=array([1., 1., 1.]), colorSpace='rgb', contrast=1.0, depth=0, flipHoriz=False, flipVert=False, image=Image(...), interpolate=False, mask=None, maskParams=None, name='unnamed ImageStim', opacity=1.0, ori=0.0, pos=array([0., 0.]), size=array([0.9, 0.9]), texRes=128, units='norm', win=Window(...))
152.8601 	EXP 	Created unnamed ImageStim = ImageStim(__class__=<class 'psychopy.visual.image.ImageStim'>, autoLog=True, color=array([1., 1., 1.]), colorSpace='rgb', contrast=1.0, depth=0, flipHoriz=False, flipVert=False, image=Image(...), interpolate=False, mask=None, maskParams=None, name='unnamed ImageStim', opacity=1.0, ori=0.0, pos=array([0., 0.]), size=array([0.9, 0.9]), texRes=128, units='norm', win=Window(...))
153.8595 	EXP 	Created unnamed ImageStim = ImageStim(__class__=<class 'psychopy.visual.image.ImageStim'>, autoLog=True, color=array([1., 1., 1.]), colorSpace='rgb', contrast=1.0, depth=0, flipHoriz=False, flipVert=False, image=Image(...), interpolate=False, mask=None, maskParams=None, name='unnamed ImageStim', opacity=1.0, ori=0.0, pos=array([0., 0.]), size=array([0.9, 0.9]), texRes=128, units='norm', win=Window(...))
154.8583 	EXP 	Created unnamed ImageStim = ImageStim(__class__=<class 'psychopy.visual.image.ImageStim'>, autoLog=True, color=array([1., 1., 1.]), colorSpace='rgb', contrast=1.0, depth=0, flipHoriz=False, flipVert=False, image=Image(...), interpolate=False, mask=None, maskParams=None, name='unnamed ImageStim', opacity=1.0, ori=0.0, pos=array([0., 0.]), size=array([0.9, 0.9]), texRes=128, units='norm', win=Window(...))
155.8573 	EXP 	Created unnamed ImageStim = ImageStim(__class__=<class 'psychopy.visual.image.ImageStim'>, autoLog=True, color=array([1., 1., 1.]), colorSpace='rgb', contrast=1.0, depth=0, flipHoriz=False, flipVert=False, image=Image(...), interpolate=False, mask=None, maskParams=None, name='unnamed ImageStim', opacity=1.0, ori=0.0, pos=array([0., 0.]), size=array([0.9, 0.9]), texRes=128, units='norm', win=Window(...))
156.8560 	EXP 	Created unnamed ImageStim = ImageStim(__class__=<class 'psychopy.visual.image.ImageStim'>, autoLog=True, color=array([1., 1., 1.]), colorSpace='rgb', contrast=1.0, depth=0, flipHoriz=False, flipVert=False, image=Image(...), interpolate=False, mask=None, maskParams=None, name='unnamed ImageStim', opacity=1.0, ori=0.0, pos=array([0., 0.]), size=array([0.9, 0.9]), texRes=128, units='norm', win=Window(...))
157.8548 	EXP 	Created unnamed ImageStim = ImageStim(__class__=<class 'psychopy.visual.image.ImageStim'>, autoLog=True, color=array([1., 1., 1.]), colorSpace='rgb', contrast=1.0, depth=0, flipHoriz=False, flipVert=False, image=Image(...), interpolate=False, mask=None, maskParams=None, name='unnamed ImageStim', opacity=1.0, ori=0.0, pos=array([0., 0.]), size=array([0.9, 0.9]), texRes=128, units='norm', win=Window(...))
158.8558 	EXP 	Created unnamed ImageStim = ImageStim(__class__=<class 'psychopy.visual.image.ImageStim'>, autoLog=True, color=array([1., 1., 1.]), colorSpace='rgb', contrast=1.0, depth=0, flipHoriz=False, flipVert=False, image=Image(...), interpolate=False, mask=None, maskParams=None, name='unnamed ImageStim', opacity=1.0, ori=0.0, pos=array([0., 0.]), size=array([0.9, 0.9]), texRes=128, units='norm', win=Window(...))
159.8681 	EXP 	Created unnamed ImageStim = ImageStim(__class__=<class 'psychopy.visual.image.ImageStim'>, autoLog=True, color=array([1., 1., 1.]), colorSpace='rgb', contrast=1.0, depth=0, flipHoriz=False, flipVert=False, image=Image(...), interpolate=False, mask=None, maskParams=None, name='unnamed ImageStim', opacity=1.0, ori=0.0, pos=array([0., 0.]), size=array([0.9, 0.9]), texRes=128, units='norm', win=Window(...))
160.8624 	EXP 	Created unnamed ImageStim = ImageStim(__class__=<class 'psychopy.visual.image.ImageStim'>, autoLog=True, color=array([1., 1., 1.]), colorSpace='rgb', contrast=1.0, depth=0, flipHoriz=False, flipVert=False, image=Image(...), interpolate=False, mask=None, maskParams=None, name='unnamed ImageStim', opacity=1.0, ori=0.0, pos=array([0., 0.]), size=array([0.9, 0.9]), texRes=128, units='norm', win=Window(...))
161.8685 	EXP 	Created unnamed ImageStim = ImageStim(__class__=<class 'psychopy.visual.image.ImageStim'>, autoLog=True, color=array([1., 1., 1.]), colorSpace='rgb', contrast=1.0, depth=0, flipHoriz=False, flipVert=False, image=Image(...), interpolate=False, mask=None, maskParams=None, name='unnamed ImageStim', opacity=1.0, ori=0.0, pos=array([0., 0.]), size=array([0.9, 0.9]), texRes=128, units='norm', win=Window(...))
162.8678 	EXP 	Created unnamed ImageStim = ImageStim(__class__=<class 'psychopy.visual.image.ImageStim'>, autoLog=True, color=array([1., 1., 1.]), colorSpace='rgb', contrast=1.0, depth=0, flipHoriz=False, flipVert=False, image=Image(...), interpolate=False, mask=None, maskParams=None, name='unnamed ImageStim', opacity=1.0, ori=0.0, pos=array([0., 0.]), size=array([0.9, 0.9]), texRes=128, units='norm', win=Window(...))
163.8599 	EXP 	Created unnamed ImageStim = ImageStim(__class__=<class 'psychopy.visual.image.ImageStim'>, autoLog=True, color=array([1., 1., 1.]), colorSpace='rgb', contrast=1.0, depth=0, flipHoriz=False, flipVert=False, image=Image(...), interpolate=False, mask=None, maskParams=None, name='unnamed ImageStim', opacity=1.0, ori=0.0, pos=array([0., 0.]), size=array([0.9, 0.9]), texRes=128, units='norm', win=Window(...))
164.8660 	EXP 	Created unnamed ImageStim = ImageStim(__class__=<class 'psychopy.visual.image.ImageStim'>, autoLog=True, color=array([1., 1., 1.]), colorSpace='rgb', contrast=1.0, depth=0, flipHoriz=False, flipVert=False, image=Image(...), interpolate=False, mask=None, maskParams=None, name='unnamed ImageStim', opacity=1.0, ori=0.0, pos=array([0., 0.]), size=array([0.9, 0.9]), texRes=128, units='norm', win=Window(...))
165.8652 	EXP 	Created unnamed ImageStim = ImageStim(__class__=<class 'psychopy.visual.image.ImageStim'>, autoLog=True, color=array([1., 1., 1.]), colorSpace='rgb', contrast=1.0, depth=0, flipHoriz=False, flipVert=False, image=Image(...), interpolate=False, mask=None, maskParams=None, name='unnamed ImageStim', opacity=1.0, ori=0.0, pos=array([0., 0.]), size=array([0.9, 0.9]), texRes=128, units='norm', win=Window(...))
166.8563 	EXP 	Created textGeneral = TextStim(__class__=<class 'psychopy.visual.text.TextStim'>, alignHoriz='center', alignVert='center', antialias=True, autoLog=True, bold=False, color='white', colorSpace='named', contrast=1.0, depth=0.0, flipHoriz=False, flipVert=False, font='Arial', fontFiles=[], height=0.1, italic=False, name='textGeneral', opacity=1.0, ori=0, pos=array([0., 0.]), rgb=array([255., 255., 255.]), text='male', units='norm', win=Window(...), wrapWidth=1)
170.8603 	EXP 	Created unnamed ImageStim = ImageStim(__class__=<class 'psychopy.visual.image.ImageStim'>, autoLog=True, color=array([1., 1., 1.]), colorSpace='rgb', contrast=1.0, depth=0, flipHoriz=False, flipVert=False, image=Image(...), interpolate=False, mask=None, maskParams=None, name='unnamed ImageStim', opacity=1.0, ori=0.0, pos=array([0., 0.]), size=array([0.9, 0.9]), texRes=128, units='norm', win=Window(...))
171.8614 	EXP 	Created unnamed ImageStim = ImageStim(__class__=<class 'psychopy.visual.image.ImageStim'>, autoLog=True, color=array([1., 1., 1.]), colorSpace='rgb', contrast=1.0, depth=0, flipHoriz=False, flipVert=False, image=Image(...), interpolate=False, mask=None, maskParams=None, name='unnamed ImageStim', opacity=1.0, ori=0.0, pos=array([0., 0.]), size=array([0.9, 0.9]), texRes=128, units='norm', win=Window(...))
172.8673 	EXP 	Created unnamed ImageStim = ImageStim(__class__=<class 'psychopy.visual.image.ImageStim'>, autoLog=True, color=array([1., 1., 1.]), colorSpace='rgb', contrast=1.0, depth=0, flipHoriz=False, flipVert=False, image=Image(...), interpolate=False, mask=None, maskParams=None, name='unnamed ImageStim', opacity=1.0, ori=0.0, pos=array([0., 0.]), size=array([0.9, 0.9]), texRes=128, units='norm', win=Window(...))
173.8747 	EXP 	Created unnamed ImageStim = ImageStim(__class__=<class 'psychopy.visual.image.ImageStim'>, autoLog=True, color=array([1., 1., 1.]), colorSpace='rgb', contrast=1.0, depth=0, flipHoriz=False, flipVert=False, image=Image(...), interpolate=False, mask=None, maskParams=None, name='unnamed ImageStim', opacity=1.0, ori=0.0, pos=array([0., 0.]), size=array([0.9, 0.9]), texRes=128, units='norm', win=Window(...))
174.8731 	EXP 	Created unnamed ImageStim = ImageStim(__class__=<class 'psychopy.visual.image.ImageStim'>, autoLog=True, color=array([1., 1., 1.]), colorSpace='rgb', contrast=1.0, depth=0, flipHoriz=False, flipVert=False, image=Image(...), interpolate=False, mask=None, maskParams=None, name='unnamed ImageStim', opacity=1.0, ori=0.0, pos=array([0., 0.]), size=array([0.9, 0.9]), texRes=128, units='norm', win=Window(...))
175.8741 	EXP 	Created unnamed ImageStim = ImageStim(__class__=<class 'psychopy.visual.image.ImageStim'>, autoLog=True, color=array([1., 1., 1.]), colorSpace='rgb', contrast=1.0, depth=0, flipHoriz=False, flipVert=False, image=Image(...), interpolate=False, mask=None, maskParams=None, name='unnamed ImageStim', opacity=1.0, ori=0.0, pos=array([0., 0.]), size=array([0.9, 0.9]), texRes=128, units='norm', win=Window(...))
176.8885 	EXP 	Created unnamed ImageStim = ImageStim(__class__=<class 'psychopy.visual.image.ImageStim'>, autoLog=True, color=array([1., 1., 1.]), colorSpace='rgb', contrast=1.0, depth=0, flipHoriz=False, flipVert=False, image=Image(...), interpolate=False, mask=None, maskParams=None, name='unnamed ImageStim', opacity=1.0, ori=0.0, pos=array([0., 0.]), size=array([0.9, 0.9]), texRes=128, units='norm', win=Window(...))
177.8881 	EXP 	Created unnamed ImageStim = ImageStim(__class__=<class 'psychopy.visual.image.ImageStim'>, autoLog=True, color=array([1., 1., 1.]), colorSpace='rgb', contrast=1.0, depth=0, flipHoriz=False, flipVert=False, image=Image(...), interpolate=False, mask=None, maskParams=None, name='unnamed ImageStim', opacity=1.0, ori=0.0, pos=array([0., 0.]), size=array([0.9, 0.9]), texRes=128, units='norm', win=Window(...))
178.8873 	EXP 	Created unnamed ImageStim = ImageStim(__class__=<class 'psychopy.visual.image.ImageStim'>, autoLog=True, color=array([1., 1., 1.]), colorSpace='rgb', contrast=1.0, depth=0, flipHoriz=False, flipVert=False, image=Image(...), interpolate=False, mask=None, maskParams=None, name='unnamed ImageStim', opacity=1.0, ori=0.0, pos=array([0., 0.]), size=array([0.9, 0.9]), texRes=128, units='norm', win=Window(...))
179.8859 	EXP 	Created unnamed ImageStim = ImageStim(__class__=<class 'psychopy.visual.image.ImageStim'>, autoLog=True, color=array([1., 1., 1.]), colorSpace='rgb', contrast=1.0, depth=0, flipHoriz=False, flipVert=False, image=Image(...), interpolate=False, mask=None, maskParams=None, name='unnamed ImageStim', opacity=1.0, ori=0.0, pos=array([0., 0.]), size=array([0.9, 0.9]), texRes=128, units='norm', win=Window(...))
180.8840 	EXP 	Created unnamed ImageStim = ImageStim(__class__=<class 'psychopy.visual.image.ImageStim'>, autoLog=True, color=array([1., 1., 1.]), colorSpace='rgb', contrast=1.0, depth=0, flipHoriz=False, flipVert=False, image=Image(...), interpolate=False, mask=None, maskParams=None, name='unnamed ImageStim', opacity=1.0, ori=0.0, pos=array([0., 0.]), size=array([0.9, 0.9]), texRes=128, units='norm', win=Window(...))
181.8863 	EXP 	Created unnamed ImageStim = ImageStim(__class__=<class 'psychopy.visual.image.ImageStim'>, autoLog=True, color=array([1., 1., 1.]), colorSpace='rgb', contrast=1.0, depth=0, flipHoriz=False, flipVert=False, image=Image(...), interpolate=False, mask=None, maskParams=None, name='unnamed ImageStim', opacity=1.0, ori=0.0, pos=array([0., 0.]), size=array([0.9, 0.9]), texRes=128, units='norm', win=Window(...))
182.8830 	EXP 	Created unnamed ImageStim = ImageStim(__class__=<class 'psychopy.visual.image.ImageStim'>, autoLog=True, color=array([1., 1., 1.]), colorSpace='rgb', contrast=1.0, depth=0, flipHoriz=False, flipVert=False, image=Image(...), interpolate=False, mask=None, maskParams=None, name='unnamed ImageStim', opacity=1.0, ori=0.0, pos=array([0., 0.]), size=array([0.9, 0.9]), texRes=128, units='norm', win=Window(...))
183.8824 	EXP 	Created unnamed ImageStim = ImageStim(__class__=<class 'psychopy.visual.image.ImageStim'>, autoLog=True, color=array([1., 1., 1.]), colorSpace='rgb', contrast=1.0, depth=0, flipHoriz=False, flipVert=False, image=Image(...), interpolate=False, mask=None, maskParams=None, name='unnamed ImageStim', opacity=1.0, ori=0.0, pos=array([0., 0.]), size=array([0.9, 0.9]), texRes=128, units='norm', win=Window(...))
184.8734 	EXP 	Created unnamed ImageStim = ImageStim(__class__=<class 'psychopy.visual.image.ImageStim'>, autoLog=True, color=array([1., 1., 1.]), colorSpace='rgb', contrast=1.0, depth=0, flipHoriz=False, flipVert=False, image=Image(...), interpolate=False, mask=None, maskParams=None, name='unnamed ImageStim', opacity=1.0, ori=0.0, pos=array([0., 0.]), size=array([0.9, 0.9]), texRes=128, units='norm', win=Window(...))
185.8836 	EXP 	Created unnamed ImageStim = ImageStim(__class__=<class 'psychopy.visual.image.ImageStim'>, autoLog=True, color=array([1., 1., 1.]), colorSpace='rgb', contrast=1.0, depth=0, flipHoriz=False, flipVert=False, image=Image(...), interpolate=False, mask=None, maskParams=None, name='unnamed ImageStim', opacity=1.0, ori=0.0, pos=array([0., 0.]), size=array([0.9, 0.9]), texRes=128, units='norm', win=Window(...))
186.8787 	EXP 	Created unnamed ImageStim = ImageStim(__class__=<class 'psychopy.visual.image.ImageStim'>, autoLog=True, color=array([1., 1., 1.]), colorSpace='rgb', contrast=1.0, depth=0, flipHoriz=False, flipVert=False, image=Image(...), interpolate=False, mask=None, maskParams=None, name='unnamed ImageStim', opacity=1.0, ori=0.0, pos=array([0., 0.]), size=array([0.9, 0.9]), texRes=128, units='norm', win=Window(...))
187.8789 	EXP 	Created unnamed ImageStim = ImageStim(__class__=<class 'psychopy.visual.image.ImageStim'>, autoLog=True, color=array([1., 1., 1.]), colorSpace='rgb', contrast=1.0, depth=0, flipHoriz=False, flipVert=False, image=Image(...), interpolate=False, mask=None, maskParams=None, name='unnamed ImageStim', opacity=1.0, ori=0.0, pos=array([0., 0.]), size=array([0.9, 0.9]), texRes=128, units='norm', win=Window(...))
188.8799 	EXP 	Created unnamed ImageStim = ImageStim(__class__=<class 'psychopy.visual.image.ImageStim'>, autoLog=True, color=array([1., 1., 1.]), colorSpace='rgb', contrast=1.0, depth=0, flipHoriz=False, flipVert=False, image=Image(...), interpolate=False, mask=None, maskParams=None, name='unnamed ImageStim', opacity=1.0, ori=0.0, pos=array([0., 0.]), size=array([0.9, 0.9]), texRes=128, units='norm', win=Window(...))
189.8940 	EXP 	Created unnamed ImageStim = ImageStim(__class__=<class 'psychopy.visual.image.ImageStim'>, autoLog=True, color=array([1., 1., 1.]), colorSpace='rgb', contrast=1.0, depth=0, flipHoriz=False, flipVert=False, image=Image(...), interpolate=False, mask=None, maskParams=None, name='unnamed ImageStim', opacity=1.0, ori=0.0, pos=array([0., 0.]), size=array([0.9, 0.9]), texRes=128, units='norm', win=Window(...))
190.8859 	EXP 	Created textGeneral = TextStim(__class__=<class 'psychopy.visual.text.TextStim'>, alignHoriz='center', alignVert='center', antialias=True, autoLog=True, bold=False, color='white', colorSpace='named', contrast=1.0, depth=0.0, flipHoriz=False, flipVert=False, font='Arial', fontFiles=[], height=0.1, italic=False, name='textGeneral', opacity=1.0, ori=0, pos=array([0., 0.]), rgb=array([255., 255., 255.]), text='indoor', units='norm', win=Window(...), wrapWidth=1)
194.8897 	EXP 	Created unnamed ImageStim = ImageStim(__class__=<class 'psychopy.visual.image.ImageStim'>, autoLog=True, color=array([1., 1., 1.]), colorSpace='rgb', contrast=1.0, depth=0, flipHoriz=False, flipVert=False, image=Image(...), interpolate=False, mask=None, maskParams=None, name='unnamed ImageStim', opacity=1.0, ori=0.0, pos=array([0., 0.]), size=array([0.9, 0.9]), texRes=128, units='norm', win=Window(...))
195.8893 	EXP 	Created unnamed ImageStim = ImageStim(__class__=<class 'psychopy.visual.image.ImageStim'>, autoLog=True, color=array([1., 1., 1.]), colorSpace='rgb', contrast=1.0, depth=0, flipHoriz=False, flipVert=False, image=Image(...), interpolate=False, mask=None, maskParams=None, name='unnamed ImageStim', opacity=1.0, ori=0.0, pos=array([0., 0.]), size=array([0.9, 0.9]), texRes=128, units='norm', win=Window(...))
196.8873 	EXP 	Created unnamed ImageStim = ImageStim(__class__=<class 'psychopy.visual.image.ImageStim'>, autoLog=True, color=array([1., 1., 1.]), colorSpace='rgb', contrast=1.0, depth=0, flipHoriz=False, flipVert=False, image=Image(...), interpolate=False, mask=None, maskParams=None, name='unnamed ImageStim', opacity=1.0, ori=0.0, pos=array([0., 0.]), size=array([0.9, 0.9]), texRes=128, units='norm', win=Window(...))
197.8865 	EXP 	Created unnamed ImageStim = ImageStim(__class__=<class 'psychopy.visual.image.ImageStim'>, autoLog=True, color=array([1., 1., 1.]), colorSpace='rgb', contrast=1.0, depth=0, flipHoriz=False, flipVert=False, image=Image(...), interpolate=False, mask=None, maskParams=None, name='unnamed ImageStim', opacity=1.0, ori=0.0, pos=array([0., 0.]), size=array([0.9, 0.9]), texRes=128, units='norm', win=Window(...))
198.8866 	EXP 	Created unnamed ImageStim = ImageStim(__class__=<class 'psychopy.visual.image.ImageStim'>, autoLog=True, color=array([1., 1., 1.]), colorSpace='rgb', contrast=1.0, depth=0, flipHoriz=False, flipVert=False, image=Image(...), interpolate=False, mask=None, maskParams=None, name='unnamed ImageStim', opacity=1.0, ori=0.0, pos=array([0., 0.]), size=array([0.9, 0.9]), texRes=128, units='norm', win=Window(...))
199.8878 	EXP 	Created unnamed ImageStim = ImageStim(__class__=<class 'psychopy.visual.image.ImageStim'>, autoLog=True, color=array([1., 1., 1.]), colorSpace='rgb', contrast=1.0, depth=0, flipHoriz=False, flipVert=False, image=Image(...), interpolate=False, mask=None, maskParams=None, name='unnamed ImageStim', opacity=1.0, ori=0.0, pos=array([0., 0.]), size=array([0.9, 0.9]), texRes=128, units='norm', win=Window(...))
200.8852 	EXP 	Created unnamed ImageStim = ImageStim(__class__=<class 'psychopy.visual.image.ImageStim'>, autoLog=True, color=array([1., 1., 1.]), colorSpace='rgb', contrast=1.0, depth=0, flipHoriz=False, flipVert=False, image=Image(...), interpolate=False, mask=None, maskParams=None, name='unnamed ImageStim', opacity=1.0, ori=0.0, pos=array([0., 0.]), size=array([0.9, 0.9]), texRes=128, units='norm', win=Window(...))
201.8838 	EXP 	Created unnamed ImageStim = ImageStim(__class__=<class 'psychopy.visual.image.ImageStim'>, autoLog=True, color=array([1., 1., 1.]), colorSpace='rgb', contrast=1.0, depth=0, flipHoriz=False, flipVert=False, image=Image(...), interpolate=False, mask=None, maskParams=None, name='unnamed ImageStim', opacity=1.0, ori=0.0, pos=array([0., 0.]), size=array([0.9, 0.9]), texRes=128, units='norm', win=Window(...))
202.8823 	EXP 	Created unnamed ImageStim = ImageStim(__class__=<class 'psychopy.visual.image.ImageStim'>, autoLog=True, color=array([1., 1., 1.]), colorSpace='rgb', contrast=1.0, depth=0, flipHoriz=False, flipVert=False, image=Image(...), interpolate=False, mask=None, maskParams=None, name='unnamed ImageStim', opacity=1.0, ori=0.0, pos=array([0., 0.]), size=array([0.9, 0.9]), texRes=128, units='norm', win=Window(...))
203.8806 	EXP 	Created unnamed ImageStim = ImageStim(__class__=<class 'psychopy.visual.image.ImageStim'>, autoLog=True, color=array([1., 1., 1.]), colorSpace='rgb', contrast=1.0, depth=0, flipHoriz=False, flipVert=False, image=Image(...), interpolate=False, mask=None, maskParams=None, name='unnamed ImageStim', opacity=1.0, ori=0.0, pos=array([0., 0.]), size=array([0.9, 0.9]), texRes=128, units='norm', win=Window(...))
204.8728 	EXP 	Created unnamed ImageStim = ImageStim(__class__=<class 'psychopy.visual.image.ImageStim'>, autoLog=True, color=array([1., 1., 1.]), colorSpace='rgb', contrast=1.0, depth=0, flipHoriz=False, flipVert=False, image=Image(...), interpolate=False, mask=None, maskParams=None, name='unnamed ImageStim', opacity=1.0, ori=0.0, pos=array([0., 0.]), size=array([0.9, 0.9]), texRes=128, units='norm', win=Window(...))
205.8804 	EXP 	Created unnamed ImageStim = ImageStim(__class__=<class 'psychopy.visual.image.ImageStim'>, autoLog=True, color=array([1., 1., 1.]), colorSpace='rgb', contrast=1.0, depth=0, flipHoriz=False, flipVert=False, image=Image(...), interpolate=False, mask=None, maskParams=None, name='unnamed ImageStim', opacity=1.0, ori=0.0, pos=array([0., 0.]), size=array([0.9, 0.9]), texRes=128, units='norm', win=Window(...))
206.8786 	EXP 	Created unnamed ImageStim = ImageStim(__class__=<class 'psychopy.visual.image.ImageStim'>, autoLog=True, color=array([1., 1., 1.]), colorSpace='rgb', contrast=1.0, depth=0, flipHoriz=False, flipVert=False, image=Image(...), interpolate=False, mask=None, maskParams=None, name='unnamed ImageStim', opacity=1.0, ori=0.0, pos=array([0., 0.]), size=array([0.9, 0.9]), texRes=128, units='norm', win=Window(...))
207.8790 	EXP 	Created unnamed ImageStim = ImageStim(__class__=<class 'psychopy.visual.image.ImageStim'>, autoLog=True, color=array([1., 1., 1.]), colorSpace='rgb', contrast=1.0, depth=0, flipHoriz=False, flipVert=False, image=Image(...), interpolate=False, mask=None, maskParams=None, name='unnamed ImageStim', opacity=1.0, ori=0.0, pos=array([0., 0.]), size=array([0.9, 0.9]), texRes=128, units='norm', win=Window(...))
208.8800 	EXP 	Created unnamed ImageStim = ImageStim(__class__=<class 'psychopy.visual.image.ImageStim'>, autoLog=True, color=array([1., 1., 1.]), colorSpace='rgb', contrast=1.0, depth=0, flipHoriz=False, flipVert=False, image=Image(...), interpolate=False, mask=None, maskParams=None, name='unnamed ImageStim', opacity=1.0, ori=0.0, pos=array([0., 0.]), size=array([0.9, 0.9]), texRes=128, units='norm', win=Window(...))
209.8692 	EXP 	Created unnamed ImageStim = ImageStim(__class__=<class 'psychopy.visual.image.ImageStim'>, autoLog=True, color=array([1., 1., 1.]), colorSpace='rgb', contrast=1.0, depth=0, flipHoriz=False, flipVert=False, image=Image(...), interpolate=False, mask=None, maskParams=None, name='unnamed ImageStim', opacity=1.0, ori=0.0, pos=array([0., 0.]), size=array([0.9, 0.9]), texRes=128, units='norm', win=Window(...))
210.8750 	EXP 	Created unnamed ImageStim = ImageStim(__class__=<class 'psychopy.visual.image.ImageStim'>, autoLog=True, color=array([1., 1., 1.]), colorSpace='rgb', contrast=1.0, depth=0, flipHoriz=False, flipVert=False, image=Image(...), interpolate=False, mask=None, maskParams=None, name='unnamed ImageStim', opacity=1.0, ori=0.0, pos=array([0., 0.]), size=array([0.9, 0.9]), texRes=128, units='norm', win=Window(...))
211.8785 	EXP 	Created unnamed ImageStim = ImageStim(__class__=<class 'psychopy.visual.image.ImageStim'>, autoLog=True, color=array([1., 1., 1.]), colorSpace='rgb', contrast=1.0, depth=0, flipHoriz=False, flipVert=False, image=Image(...), interpolate=False, mask=None, maskParams=None, name='unnamed ImageStim', opacity=1.0, ori=0.0, pos=array([0., 0.]), size=array([0.9, 0.9]), texRes=128, units='norm', win=Window(...))
212.8745 	EXP 	Created unnamed ImageStim = ImageStim(__class__=<class 'psychopy.visual.image.ImageStim'>, autoLog=True, color=array([1., 1., 1.]), colorSpace='rgb', contrast=1.0, depth=0, flipHoriz=False, flipVert=False, image=Image(...), interpolate=False, mask=None, maskParams=None, name='unnamed ImageStim', opacity=1.0, ori=0.0, pos=array([0., 0.]), size=array([0.9, 0.9]), texRes=128, units='norm', win=Window(...))
213.8721 	EXP 	Created unnamed ImageStim = ImageStim(__class__=<class 'psychopy.visual.image.ImageStim'>, autoLog=True, color=array([1., 1., 1.]), colorSpace='rgb', contrast=1.0, depth=0, flipHoriz=False, flipVert=False, image=Image(...), interpolate=False, mask=None, maskParams=None, name='unnamed ImageStim', opacity=1.0, ori=0.0, pos=array([0., 0.]), size=array([0.9, 0.9]), texRes=128, units='norm', win=Window(...))
214.8648 	EXP 	Created textBreak = TextStim(__class__=<class 'psychopy.visual.text.TextStim'>, alignHoriz='center', alignVert='center', antialias=True, autoLog=True, bold=False, color='white', colorSpace='named', contrast=1.0, depth=0.0, flipHoriz=False, flipVert=False, font='Arial', fontFiles=[], height=0.1, italic=False, name='textBreak', opacity=1.0, ori=0, pos=array([0., 0.]), rgb=array([255., 255., 255.]), text='break time, yay, you rock!!', units='norm', win=Window(...), wrapWidth=1)
219.8601 	EXP 	Created textGeneral = TextStim(__class__=<class 'psychopy.visual.text.TextStim'>, alignHoriz='center', alignVert='center', antialias=True, autoLog=True, bold=False, color='white', colorSpace='named', contrast=1.0, depth=0.0, flipHoriz=False, flipVert=False, font='Arial', fontFiles=[], height=0.1, italic=False, name='textGeneral', opacity=1.0, ori=0, pos=array([0., 0.]), rgb=array([255., 255., 255.]), text='male', units='norm', win=Window(...), wrapWidth=1)
223.8638 	EXP 	Created unnamed ImageStim = ImageStim(__class__=<class 'psychopy.visual.image.ImageStim'>, autoLog=True, color=array([1., 1., 1.]), colorSpace='rgb', contrast=1.0, depth=0, flipHoriz=False, flipVert=False, image=Image(...), interpolate=False, mask=None, maskParams=None, name='unnamed ImageStim', opacity=1.0, ori=0.0, pos=array([0., 0.]), size=array([0.9, 0.9]), texRes=128, units='norm', win=Window(...))
224.8557 	EXP 	Created unnamed ImageStim = ImageStim(__class__=<class 'psychopy.visual.image.ImageStim'>, autoLog=True, color=array([1., 1., 1.]), colorSpace='rgb', contrast=1.0, depth=0, flipHoriz=False, flipVert=False, image=Image(...), interpolate=False, mask=None, maskParams=None, name='unnamed ImageStim', opacity=1.0, ori=0.0, pos=array([0., 0.]), size=array([0.9, 0.9]), texRes=128, units='norm', win=Window(...))
225.8619 	EXP 	Created unnamed ImageStim = ImageStim(__class__=<class 'psychopy.visual.image.ImageStim'>, autoLog=True, color=array([1., 1., 1.]), colorSpace='rgb', contrast=1.0, depth=0, flipHoriz=False, flipVert=False, image=Image(...), interpolate=False, mask=None, maskParams=None, name='unnamed ImageStim', opacity=1.0, ori=0.0, pos=array([0., 0.]), size=array([0.9, 0.9]), texRes=128, units='norm', win=Window(...))
226.8533 	EXP 	Created unnamed ImageStim = ImageStim(__class__=<class 'psychopy.visual.image.ImageStim'>, autoLog=True, color=array([1., 1., 1.]), colorSpace='rgb', contrast=1.0, depth=0, flipHoriz=False, flipVert=False, image=Image(...), interpolate=False, mask=None, maskParams=None, name='unnamed ImageStim', opacity=1.0, ori=0.0, pos=array([0., 0.]), size=array([0.9, 0.9]), texRes=128, units='norm', win=Window(...))
227.8525 	EXP 	Created unnamed ImageStim = ImageStim(__class__=<class 'psychopy.visual.image.ImageStim'>, autoLog=True, color=array([1., 1., 1.]), colorSpace='rgb', contrast=1.0, depth=0, flipHoriz=False, flipVert=False, image=Image(...), interpolate=False, mask=None, maskParams=None, name='unnamed ImageStim', opacity=1.0, ori=0.0, pos=array([0., 0.]), size=array([0.9, 0.9]), texRes=128, units='norm', win=Window(...))
228.8589 	EXP 	Created unnamed ImageStim = ImageStim(__class__=<class 'psychopy.visual.image.ImageStim'>, autoLog=True, color=array([1., 1., 1.]), colorSpace='rgb', contrast=1.0, depth=0, flipHoriz=False, flipVert=False, image=Image(...), interpolate=False, mask=None, maskParams=None, name='unnamed ImageStim', opacity=1.0, ori=0.0, pos=array([0., 0.]), size=array([0.9, 0.9]), texRes=128, units='norm', win=Window(...))
229.8513 	EXP 	Created unnamed ImageStim = ImageStim(__class__=<class 'psychopy.visual.image.ImageStim'>, autoLog=True, color=array([1., 1., 1.]), colorSpace='rgb', contrast=1.0, depth=0, flipHoriz=False, flipVert=False, image=Image(...), interpolate=False, mask=None, maskParams=None, name='unnamed ImageStim', opacity=1.0, ori=0.0, pos=array([0., 0.]), size=array([0.9, 0.9]), texRes=128, units='norm', win=Window(...))
230.8579 	EXP 	Created unnamed ImageStim = ImageStim(__class__=<class 'psychopy.visual.image.ImageStim'>, autoLog=True, color=array([1., 1., 1.]), colorSpace='rgb', contrast=1.0, depth=0, flipHoriz=False, flipVert=False, image=Image(...), interpolate=False, mask=None, maskParams=None, name='unnamed ImageStim', opacity=1.0, ori=0.0, pos=array([0., 0.]), size=array([0.9, 0.9]), texRes=128, units='norm', win=Window(...))
231.8495 	EXP 	Created unnamed ImageStim = ImageStim(__class__=<class 'psychopy.visual.image.ImageStim'>, autoLog=True, color=array([1., 1., 1.]), colorSpace='rgb', contrast=1.0, depth=0, flipHoriz=False, flipVert=False, image=Image(...), interpolate=False, mask=None, maskParams=None, name='unnamed ImageStim', opacity=1.0, ori=0.0, pos=array([0., 0.]), size=array([0.9, 0.9]), texRes=128, units='norm', win=Window(...))
232.8553 	EXP 	Created unnamed ImageStim = ImageStim(__class__=<class 'psychopy.visual.image.ImageStim'>, autoLog=True, color=array([1., 1., 1.]), colorSpace='rgb', contrast=1.0, depth=0, flipHoriz=False, flipVert=False, image=Image(...), interpolate=False, mask=None, maskParams=None, name='unnamed ImageStim', opacity=1.0, ori=0.0, pos=array([0., 0.]), size=array([0.9, 0.9]), texRes=128, units='norm', win=Window(...))
233.8461 	EXP 	Created unnamed ImageStim = ImageStim(__class__=<class 'psychopy.visual.image.ImageStim'>, autoLog=True, color=array([1., 1., 1.]), colorSpace='rgb', contrast=1.0, depth=0, flipHoriz=False, flipVert=False, image=Image(...), interpolate=False, mask=None, maskParams=None, name='unnamed ImageStim', opacity=1.0, ori=0.0, pos=array([0., 0.]), size=array([0.9, 0.9]), texRes=128, units='norm', win=Window(...))
234.8473 	EXP 	Created unnamed ImageStim = ImageStim(__class__=<class 'psychopy.visual.image.ImageStim'>, autoLog=True, color=array([1., 1., 1.]), colorSpace='rgb', contrast=1.0, depth=0, flipHoriz=False, flipVert=False, image=Image(...), interpolate=False, mask=None, maskParams=None, name='unnamed ImageStim', opacity=1.0, ori=0.0, pos=array([0., 0.]), size=array([0.9, 0.9]), texRes=128, units='norm', win=Window(...))
235.8467 	EXP 	Created unnamed ImageStim = ImageStim(__class__=<class 'psychopy.visual.image.ImageStim'>, autoLog=True, color=array([1., 1., 1.]), colorSpace='rgb', contrast=1.0, depth=0, flipHoriz=False, flipVert=False, image=Image(...), interpolate=False, mask=None, maskParams=None, name='unnamed ImageStim', opacity=1.0, ori=0.0, pos=array([0., 0.]), size=array([0.9, 0.9]), texRes=128, units='norm', win=Window(...))
236.8471 	EXP 	Created unnamed ImageStim = ImageStim(__class__=<class 'psychopy.visual.image.ImageStim'>, autoLog=True, color=array([1., 1., 1.]), colorSpace='rgb', contrast=1.0, depth=0, flipHoriz=False, flipVert=False, image=Image(...), interpolate=False, mask=None, maskParams=None, name='unnamed ImageStim', opacity=1.0, ori=0.0, pos=array([0., 0.]), size=array([0.9, 0.9]), texRes=128, units='norm', win=Window(...))
237.8441 	EXP 	Created unnamed ImageStim = ImageStim(__class__=<class 'psychopy.visual.image.ImageStim'>, autoLog=True, color=array([1., 1., 1.]), colorSpace='rgb', contrast=1.0, depth=0, flipHoriz=False, flipVert=False, image=Image(...), interpolate=False, mask=None, maskParams=None, name='unnamed ImageStim', opacity=1.0, ori=0.0, pos=array([0., 0.]), size=array([0.9, 0.9]), texRes=128, units='norm', win=Window(...))
238.8495 	EXP 	Created unnamed ImageStim = ImageStim(__class__=<class 'psychopy.visual.image.ImageStim'>, autoLog=True, color=array([1., 1., 1.]), colorSpace='rgb', contrast=1.0, depth=0, flipHoriz=False, flipVert=False, image=Image(...), interpolate=False, mask=None, maskParams=None, name='unnamed ImageStim', opacity=1.0, ori=0.0, pos=array([0., 0.]), size=array([0.9, 0.9]), texRes=128, units='norm', win=Window(...))
239.8413 	EXP 	Created unnamed ImageStim = ImageStim(__class__=<class 'psychopy.visual.image.ImageStim'>, autoLog=True, color=array([1., 1., 1.]), colorSpace='rgb', contrast=1.0, depth=0, flipHoriz=False, flipVert=False, image=Image(...), interpolate=False, mask=None, maskParams=None, name='unnamed ImageStim', opacity=1.0, ori=0.0, pos=array([0., 0.]), size=array([0.9, 0.9]), texRes=128, units='norm', win=Window(...))
240.8420 	EXP 	Created unnamed ImageStim = ImageStim(__class__=<class 'psychopy.visual.image.ImageStim'>, autoLog=True, color=array([1., 1., 1.]), colorSpace='rgb', contrast=1.0, depth=0, flipHoriz=False, flipVert=False, image=Image(...), interpolate=False, mask=None, maskParams=None, name='unnamed ImageStim', opacity=1.0, ori=0.0, pos=array([0., 0.]), size=array([0.9, 0.9]), texRes=128, units='norm', win=Window(...))
241.8479 	EXP 	Created unnamed ImageStim = ImageStim(__class__=<class 'psychopy.visual.image.ImageStim'>, autoLog=True, color=array([1., 1., 1.]), colorSpace='rgb', contrast=1.0, depth=0, flipHoriz=False, flipVert=False, image=Image(...), interpolate=False, mask=None, maskParams=None, name='unnamed ImageStim', opacity=1.0, ori=0.0, pos=array([0., 0.]), size=array([0.9, 0.9]), texRes=128, units='norm', win=Window(...))
242.8484 	EXP 	Created unnamed ImageStim = ImageStim(__class__=<class 'psychopy.visual.image.ImageStim'>, autoLog=True, color=array([1., 1., 1.]), colorSpace='rgb', contrast=1.0, depth=0, flipHoriz=False, flipVert=False, image=Image(...), interpolate=False, mask=None, maskParams=None, name='unnamed ImageStim', opacity=1.0, ori=0.0, pos=array([0., 0.]), size=array([0.9, 0.9]), texRes=128, units='norm', win=Window(...))
243.8398 	EXP 	Created textGeneral = TextStim(__class__=<class 'psychopy.visual.text.TextStim'>, alignHoriz='center', alignVert='center', antialias=True, autoLog=True, bold=False, color='white', colorSpace='named', contrast=1.0, depth=0.0, flipHoriz=False, flipVert=False, font='Arial', fontFiles=[], height=0.1, italic=False, name='textGeneral', opacity=1.0, ori=0, pos=array([0., 0.]), rgb=array([255., 255., 255.]), text='indoor', units='norm', win=Window(...), wrapWidth=1)
247.8437 	EXP 	Created unnamed ImageStim = ImageStim(__class__=<class 'psychopy.visual.image.ImageStim'>, autoLog=True, color=array([1., 1., 1.]), colorSpace='rgb', contrast=1.0, depth=0, flipHoriz=False, flipVert=False, image=Image(...), interpolate=False, mask=None, maskParams=None, name='unnamed ImageStim', opacity=1.0, ori=0.0, pos=array([0., 0.]), size=array([0.9, 0.9]), texRes=128, units='norm', win=Window(...))
248.8445 	EXP 	Created unnamed ImageStim = ImageStim(__class__=<class 'psychopy.visual.image.ImageStim'>, autoLog=True, color=array([1., 1., 1.]), colorSpace='rgb', contrast=1.0, depth=0, flipHoriz=False, flipVert=False, image=Image(...), interpolate=False, mask=None, maskParams=None, name='unnamed ImageStim', opacity=1.0, ori=0.0, pos=array([0., 0.]), size=array([0.9, 0.9]), texRes=128, units='norm', win=Window(...))
249.8428 	EXP 	Created unnamed ImageStim = ImageStim(__class__=<class 'psychopy.visual.image.ImageStim'>, autoLog=True, color=array([1., 1., 1.]), colorSpace='rgb', contrast=1.0, depth=0, flipHoriz=False, flipVert=False, image=Image(...), interpolate=False, mask=None, maskParams=None, name='unnamed ImageStim', opacity=1.0, ori=0.0, pos=array([0., 0.]), size=array([0.9, 0.9]), texRes=128, units='norm', win=Window(...))
250.8338 	EXP 	Created unnamed ImageStim = ImageStim(__class__=<class 'psychopy.visual.image.ImageStim'>, autoLog=True, color=array([1., 1., 1.]), colorSpace='rgb', contrast=1.0, depth=0, flipHoriz=False, flipVert=False, image=Image(...), interpolate=False, mask=None, maskParams=None, name='unnamed ImageStim', opacity=1.0, ori=0.0, pos=array([0., 0.]), size=array([0.9, 0.9]), texRes=128, units='norm', win=Window(...))
267.5729 	EXP 	window1: mouseVisible = True
